88;154;89;159;90;165;91;170;93;175;95;178;98;181;101;183;104;183;107;181;109;178;111;173;111;168;112;162;112;157;111;152;110;147;90;146;91;143;94;140;96;140;99;140;102;140;104;137;106;137;108;138;109;141;101;145;101;149;102;152;103;156;100;160;101;161;103;161;103;160;104;159;94;149;94;147;96;147;98;148;96;149;95;150;103;146;104;144;106;144;107;145;106;146;105;147;98;170;99;167;102;165;103;165;104;165;106;165;107;167;107;171;105;173;103;173;102;174;100;173;99;170;102;167;103;167;104;167;107;167;104;170;103;171;102;171
88;154;89;159;90;165;91;170;93;175;95;178;98;181;101;183;104;184;107;182;109;178;111;173;112;168;112;162;112;157;111;152;111;147;90;146;92;143;94;140;96;140;99;140;102;139;104;137;106;137;108;137;108;140;101;145;101;148;102;152;102;155;100;160;101;160;103;160;103;159;104;159;94;149;94;147;96;146;98;148;96;149;94;149;103;146;104;144;106;143;107;145;106;146;105;146;98;170;99;167;102;165;103;165;104;164;106;165;108;167;107;171;105;173;103;173;102;174;100;173;99;170;102;167;103;167;104;166;107;167;105;170;103;171;102;171
88;154;89;159;90;165;91;170;93;174;95;178;98;181;101;182;104;182;107;181;109;178;110;173;111;168;112;162;112;157;111;152;111;147;90;146;91;143;94;140;96;140;98;140;102;139;104;137;106;137;108;137;108;140;101;145;101;148;102;151;102;155;100;159;101;160;103;160;103;159;104;159;93;149;94;147;96;146;97;148;96;148;94;149;103;146;104;144;106;143;107;145;106;145;105;146;98;170;99;166;101;164;103;165;104;164;106;165;107;167;106;170;105;173;103;173;102;173;100;173;99;170;102;167;103;166;104;166;106;167;104;170;103;170;102;170
88;154;89;159;90;165;91;170;93;175;95;178;98;181;102;182;104;182;107;181;109;178;111;173;112;168;112;162;112;157;111;152;111;147;90;146;91;143;93;140;96;140;98;140;102;139;104;137;106;137;108;137;108;140;101;145;101;148;102;151;102;155;100;159;101;160;103;160;103;159;104;159;93;149;94;147;96;146;97;148;96;148;94;149;103;146;104;144;106;143;107;145;106;145;105;146;98;170;100;166;102;164;103;165;104;163;106;165;107;167;106;170;105;173;103;173;102;173;100;173;99;170;102;166;103;166;104;166;106;167;104;170;103;170;102;170
88;154;89;159;90;165;91;170;93;174;95;178;99;181;102;182;105;182;107;181;109;177;111;173;112;167;112;162;112;157;111;151;111;146;90;146;91;143;94;140;96;140;99;140;102;139;104;137;106;137;108;137;109;140;101;145;101;148;102;151;102;155;100;159;101;160;103;160;103;159;104;159;93;148;94;147;96;146;97;148;96;148;94;149;103;146;104;144;106;143;107;145;106;145;105;146;98;170;99;166;101;164;103;165;104;164;106;165;107;167;106;170;105;172;103;173;102;173;100;172;99;169;102;166;103;166;104;166;106;167;104;170;103;170;102;170
88;154;89;159;90;165;91;170;93;174;95;178;98;181;101;182;104;182;107;180;109;177;111;173;112;167;112;162;112;157;111;151;110;147;90;146;91;143;94;140;96;140;98;140;102;139;104;137;106;137;108;137;108;140;101;145;101;148;102;152;102;156;100;160;101;160;103;160;103;159;104;159;93;149;94;147;96;147;98;148;96;149;94;149;103;146;104;144;106;143;107;145;106;146;105;146;98;170;99;166;102;165;103;165;104;164;106;165;107;167;106;170;105;172;103;173;102;173;100;172;99;170;102;167;103;167;104;166;107;167;104;169;103;170;102;170
87;154;88;159;89;165;90;170;92;175;95;178;98;181;101;182;104;182;107;181;109;178;110;173;111;168;112;163;112;158;111;152;111;147;90;146;92;143;94;141;96;140;99;140;102;140;104;137;106;137;108;138;109;140;101;145;101;149;102;152;102;156;100;160;101;161;103;161;103;160;104;159;93;149;94;148;96;147;98;148;96;149;94;150;103;147;104;145;106;144;107;145;106;146;105;147;99;170;100;167;102;165;103;165;104;165;106;165;107;167;106;170;105;173;103;173;102;173;100;173;99;170;102;167;103;167;104;167;107;167;104;170;103;170;102;170
87;154;88;159;89;165;90;170;92;175;94;178;98;181;101;182;104;182;107;181;108;178;110;173;111;168;112;163;112;158;111;153;111;148;90;146;92;143;94;140;96;140;99;140;103;140;104;137;106;137;108;138;108;140;101;145;102;149;102;152;103;156;100;160;101;161;103;161;103;160;104;159;93;149;94;148;96;147;98;148;96;149;94;150;103;147;104;145;106;144;107;145;106;147;105;147;98;170;100;167;102;165;103;165;104;165;106;165;107;167;106;171;105;173;103;173;102;173;100;173;99;170;102;167;103;167;104;167;106;167;104;170;103;170;102;170
87;154;88;159;89;165;90;170;92;175;95;178;98;181;101;182;104;183;107;181;109;178;110;173;111;168;112;163;112;157;111;152;111;147;90;146;92;143;94;140;96;140;99;140;103;140;104;137;106;137;108;138;109;140;101;145;102;149;102;152;103;156;100;160;101;161;103;161;104;160;105;159;93;149;94;148;96;147;98;148;96;149;94;150;103;146;105;144;106;144;108;145;107;146;105;147;99;170;100;167;102;165;103;165;104;165;106;165;107;167;107;171;105;173;103;173;102;173;100;173;99;170;102;167;103;167;104;167;107;167;105;170;103;170;102;171
88;154;89;159;90;165;91;170;93;174;95;178;98;181;101;182;104;182;107;181;109;178;111;173;112;168;112;162;112;157;111;151;111;146;91;146;92;143;94;140;96;140;99;140;103;139;104;137;106;137;108;137;109;140;101;145;102;148;102;152;103;155;100;160;102;160;103;160;104;159;105;159;94;149;94;147;96;146;98;148;96;148;95;149;103;146;105;144;106;143;108;145;107;146;105;146;99;170;100;166;102;165;103;165;104;164;106;165;108;167;107;170;105;173;103;173;102;173;100;173;99;170;102;167;103;167;104;166;107;167;105;170;103;170;102;170
88;154;89;160;90;165;91;170;93;174;95;178;98;180;101;181;104;181;107;181;109;178;111;173;112;168;112;163;112;157;112;152;111;147;91;145;92;143;94;140;96;140;99;140;103;139;104;137;106;136;108;137;109;140;101;145;102;148;102;151;103;155;100;159;102;160;103;160;104;159;105;159;94;149;94;147;96;146;98;148;96;148;95;149;103;146;105;144;106;143;108;145;107;146;105;146;99;170;100;166;102;164;103;165;104;164;106;165;107;167;107;170;105;172;104;173;103;173;100;172;99;169;102;166;103;166;104;166;107;167;105;169;103;170;102;170
88;154;89;159;90;165;91;169;93;173;95;177;98;179;101;181;104;181;107;179;109;176;111;173;112;167;112;162;112;157;111;151;111;146;90;145;92;142;94;140;96;139;99;140;103;139;104;137;106;136;108;137;109;140;101;145;102;148;102;151;103;155;100;159;102;160;103;160;104;159;105;159;94;148;94;147;96;146;98;148;96;148;95;149;103;146;105;144;106;143;108;145;107;145;105;146;99;169;100;166;102;164;103;164;104;163;106;165;108;167;107;170;105;171;104;172;103;172;101;171;99;169;102;166;103;166;104;166;107;167;105;168;103;169;102;169
87;154;88;159;89;165;90;169;92;173;94;177;98;179;101;180;104;181;107;179;109;176;110;173;111;167;112;162;112;156;111;151;110;146;90;145;92;143;94;140;96;140;99;140;103;139;104;137;106;136;108;137;109;140;101;145;102;148;102;151;103;154;100;159;102;160;103;160;104;159;105;159;93;148;94;147;96;146;98;148;96;148;94;149;103;146;105;144;106;143;108;145;107;145;105;146;99;169;100;166;102;164;103;164;104;163;106;165;107;167;107;170;105;171;104;172;103;172;101;171;99;169;102;166;103;166;104;166;107;167;105;168;103;169;102;169
88;154;88;159;90;165;90;170;92;174;94;178;98;180;101;181;104;181;107;180;109;177;110;173;112;168;112;163;112;157;111;152;111;147;90;145;92;143;94;140;96;140;99;140;103;139;104;137;106;137;108;137;109;140;101;145;102;148;102;151;103;155;100;159;102;160;103;160;104;159;105;159;94;149;94;147;96;146;98;148;96;149;95;149;103;146;105;144;106;143;108;145;107;146;105;146;99;170;100;166;102;164;103;165;104;164;106;165;108;167;107;170;105;172;104;173;103;173;101;172;99;170;102;167;103;167;104;166;107;167;105;169;103;170;102;170
87;155;88;160;89;165;90;170;92;175;95;178;98;181;101;182;104;182;107;181;109;178;111;173;112;168;112;163;112;158;112;152;111;148;90;145;92;143;94;140;96;140;99;140;103;140;104;137;106;137;108;137;109;140;101;145;102;149;102;152;103;155;100;160;102;161;103;161;104;160;105;159;94;149;94;148;96;147;98;148;96;149;95;150;103;147;104;145;106;144;107;145;106;146;105;147;99;170;100;167;102;165;103;165;104;165;106;165;107;167;107;171;105;173;103;173;103;173;100;173;99;170;102;167;103;167;104;167;107;167;105;170;103;170;102;170
88;154;88;159;90;165;90;170;92;175;95;178;98;181;102;182;105;182;107;181;109;178;111;173;112;168;112;163;112;157;111;152;111;147;91;146;92;143;94;140;96;140;99;140;103;140;104;137;106;137;108;138;109;140;101;145;102;149;102;152;103;156;100;160;102;161;103;161;104;160;105;159;94;149;94;147;96;147;98;148;96;149;95;150;103;147;105;145;106;144;108;145;107;146;105;147;99;170;100;167;102;165;103;165;104;165;106;165;107;167;106;170;105;172;104;173;103;173;101;172;99;170;102;167;103;167;104;167;106;167;105;169;103;170;102;170
88;154;88;159;89;165;90;170;92;175;95;178;99;181;102;182;105;182;108;181;109;178;111;173;112;168;112;163;112;157;111;152;111;147;91;146;92;143;94;141;96;140;99;141;103;140;104;138;106;137;108;138;109;140;101;145;102;149;102;152;103;156;100;161;102;161;103;161;104;160;105;159;94;149;95;148;96;147;98;148;97;149;95;150;103;147;105;145;106;144;108;145;107;146;105;147;99;170;100;167;102;165;103;165;104;165;106;165;107;167;106;170;105;172;104;172;103;173;101;172;100;170;102;167;103;167;104;167;107;167;105;169;103;169;103;170
88;154;89;159;90;164;91;169;93;173;96;177;99;180;102;181;105;181;108;180;109;177;111;173;112;167;112;162;112;156;111;151;111;146;91;146;92;143;94;140;97;140;99;141;103;140;104;138;106;137;108;138;109;141;101;145;102;149;102;152;103;156;100;160;102;161;103;161;104;160;105;159;94;150;95;148;97;148;98;148;97;150;95;150;103;147;105;145;106;145;108;145;107;147;105;147;99;170;100;167;102;165;103;165;104;165;106;165;107;167;106;170;105;171;104;172;103;172;101;172;100;170;102;167;103;167;104;167;107;167;105;169;103;169;103;169
88;154;89;159;90;164;91;169;93;173;95;177;98;179;101;181;104;181;107;180;109;177;111;173;112;167;112;162;112;157;111;151;111;146;91;146;92;143;94;140;97;140;99;140;102;140;104;137;106;137;108;138;109;140;101;145;102;148;102;151;103;155;100;160;102;160;103;160;104;159;105;159;94;150;95;148;96;148;98;148;96;149;95;150;103;147;105;145;106;145;107;145;106;147;105;147;99;170;100;167;102;165;103;165;104;164;106;165;107;167;106;170;105;171;104;172;103;172;101;172;100;170;102;167;103;167;104;167;107;167;105;169;103;170;102;170
87;154;88;159;90;165;90;169;92;173;94;177;98;179;101;181;104;181;107;180;109;177;110;173;111;167;112;162;112;157;111;151;111;146;90;146;92;143;94;140;96;140;99;140;102;140;104;137;106;137;108;137;109;140;101;145;102;148;102;151;103;154;100;159;101;160;103;160;104;159;105;159;93;150;94;148;96;148;98;148;96;149;94;150;103;147;105;145;106;145;108;145;107;147;105;147;99;170;100;166;102;164;103;165;104;164;106;165;107;167;106;170;105;171;104;172;103;172;101;172;100;169;102;167;103;166;104;166;107;167;104;169;103;170;102;170
87;154;88;159;89;165;90;169;92;173;94;177;98;179;101;181;104;181;107;179;108;176;110;173;111;167;112;162;111;156;111;151;110;146;90;145;92;143;94;140;96;139;99;140;102;139;104;137;106;136;108;137;108;140;101;145;101;148;102;151;103;154;100;159;101;159;103;160;103;159;104;158;93;149;94;148;96;147;98;148;96;149;95;150;103;146;104;145;106;144;107;145;106;146;105;147;99;170;100;166;102;164;103;164;104;163;106;165;107;167;107;170;105;171;104;172;103;173;101;172;99;169;102;166;103;166;104;165;107;167;105;169;103;169;102;170
88;154;88;159;90;165;90;169;92;173;95;177;98;179;101;181;104;181;107;180;109;177;110;173;111;167;112;162;112;156;111;151;111;146;90;146;92;143;94;140;96;140;99;140;102;139;104;137;106;136;108;137;108;140;101;145;101;148;102;151;103;154;100;159;101;159;103;159;103;159;104;158;94;149;94;148;96;147;98;148;96;149;95;149;103;146;104;144;106;144;107;145;106;146;105;146;99;170;100;166;102;164;103;164;104;163;106;165;107;167;106;170;105;171;104;172;103;172;101;172;100;169;102;166;103;166;104;165;107;167;105;169;103;169;102;169
88;154;89;159;90;164;91;169;93;173;95;177;98;179;101;181;104;181;107;180;109;177;110;173;111;167;112;162;112;156;111;151;110;146;90;146;92;143;94;140;96;140;99;140;102;139;104;137;106;137;108;137;108;140;101;145;101;148;102;151;103;155;100;159;101;160;103;160;104;159;104;159;94;149;94;148;96;147;98;148;96;149;95;150;103;146;104;144;106;144;107;145;106;146;105;146;99;170;100;166;102;164;103;165;104;164;106;165;107;167;106;170;105;172;104;172;103;173;101;172;100;170;102;167;103;166;104;166;107;167;105;169;103;170;102;170
87;154;88;160;89;165;90;170;92;175;95;178;98;181;101;182;104;182;107;181;109;178;110;173;111;168;112;163;112;157;111;152;111;147;90;146;92;143;94;140;96;140;99;140;102;140;104;137;106;137;108;137;108;140;101;145;102;148;102;152;103;155;100;160;102;161;103;161;104;160;104;159;94;149;94;148;96;147;98;148;96;149;95;150;103;147;104;145;106;144;107;145;106;146;105;147;99;170;100;167;102;165;103;165;104;164;106;165;107;167;106;170;105;172;104;173;103;173;101;173;100;170;102;167;103;167;104;167;106;167;105;170;103;170;102;170
87;154;88;159;89;165;90;170;92;174;95;178;98;180;101;181;104;182;107;181;109;177;110;173;112;168;112;162;112;157;111;152;111;147;91;146;92;143;94;141;96;140;99;141;103;140;104;137;106;137;108;137;109;140;101;145;102;149;102;152;103;156;100;160;102;161;103;161;104;160;105;159;94;149;95;148;96;147;98;148;97;149;95;150;103;147;105;145;106;144;107;145;107;146;105;147;99;170;100;167;102;165;103;165;104;165;106;165;107;167;106;170;105;173;104;173;103;173;101;173;100;170;102;167;103;167;104;167;106;167;105;170;103;170;103;170
87;154;88;159;89;165;90;170;92;174;95;178;98;180;101;181;104;181;107;180;109;177;110;173;112;168;112;162;112;157;112;152;111;147;91;145;92;143;94;140;96;140;99;141;103;140;104;137;106;137;108;137;109;140;101;146;102;149;102;152;103;156;100;160;102;161;103;161;104;160;105;159;94;149;95;148;96;147;98;148;97;149;95;150;103;147;105;145;106;144;108;145;107;146;105;147;99;170;100;167;102;165;103;165;104;164;106;165;107;168;106;170;105;173;104;173;103;173;101;173;100;170;102;167;103;167;104;167;106;168;105;170;103;170;103;170
87;154;88;160;89;165;90;170;92;174;95;178;98;180;101;181;104;181;107;180;109;177;110;173;111;168;112;163;112;158;111;153;111;148;91;145;92;143;94;140;97;140;99;140;103;140;104;137;106;137;108;138;109;140;101;145;102;149;102;152;103;156;100;160;102;161;103;161;104;160;105;159;94;149;95;147;96;147;98;148;97;149;95;150;103;147;105;145;106;144;107;145;107;146;105;147;99;170;100;167;102;165;103;165;104;164;106;165;107;167;107;170;105;172;104;173;103;173;101;173;100;170;103;167;103;167;105;167;107;168;105;170;104;170;103;170
88;154;89;160;90;165;91;170;93;174;95;177;98;180;101;181;104;181;107;180;109;177;110;173;111;168;112;163;112;157;112;152;111;147;91;145;92;143;94;140;97;140;99;140;103;139;104;137;106;137;108;137;109;140;101;145;102;148;102;151;103;155;100;160;102;160;103;160;104;159;105;159;94;149;95;147;96;146;98;148;97;149;95;150;103;147;105;144;106;144;108;145;107;146;105;147;99;170;100;166;102;165;103;165;104;164;106;165;108;167;107;170;105;172;104;173;103;173;101;172;100;170;102;167;103;167;104;166;107;167;105;169;103;170;103;170
88;154;89;159;90;164;91;169;93;173;95;176;98;179;101;180;104;181;107;179;109;176;110;173;111;167;112;162;112;156;111;151;111;146;91;145;92;143;94;140;97;139;99;140;103;139;104;137;106;137;108;137;109;140;101;145;102;148;102;151;103;155;100;159;102;160;103;160;104;159;105;159;94;148;95;147;96;146;98;148;97;148;95;149;103;146;105;144;106;143;108;145;107;146;105;146;99;170;100;166;102;164;103;165;104;164;106;165;107;167;107;170;105;172;104;172;103;173;101;172;100;169;102;167;103;166;104;166;107;167;105;169;103;170;103;170
88;154;89;160;90;165;91;170;93;174;95;178;99;181;102;182;105;182;108;181;109;178;111;173;112;168;112;163;112;157;112;152;111;147;91;145;92;143;94;140;96;139;99;140;103;138;104;137;106;137;108;137;108;140;101;145;102;148;102;151;103;154;101;159;102;160;103;160;104;159;105;159;94;148;95;147;96;146;98;147;97;148;95;149;103;145;105;143;106;143;107;145;106;145;105;145;99;170;100;166;102;165;103;165;104;164;106;165;108;167;107;170;105;171;104;172;103;172;101;172;100;170;102;167;103;167;105;166;107;167;105;169;104;169;103;169
88;154;89;159;90;164;91;169;93;173;95;177;99;179;102;181;105;181;107;179;109;176;111;172;111;167;112;162;112;156;111;151;111;146;91;145;92;143;94;140;96;139;99;140;103;139;104;137;106;136;108;137;109;140;101;145;102;148;102;151;103;155;100;160;102;160;103;160;104;159;105;159;94;149;95;147;96;146;98;148;97;149;95;149;103;146;105;144;106;143;108;145;107;146;105;146;99;170;101;167;102;165;103;165;104;164;106;165;108;167;107;170;105;171;104;172;103;172;101;172;100;170;103;167;103;167;105;167;107;167;105;169;104;169;103;169
87;155;88;160;90;165;91;170;93;175;95;178;99;181;102;182;105;182;107;181;109;178;111;173;112;168;112;163;112;158;111;152;111;147;91;145;92;143;94;140;96;140;99;140;103;139;104;137;106;137;108;137;108;140;101;145;102;148;102;152;103;155;101;161;102;161;103;161;104;160;105;159;94;149;95;148;96;147;98;148;96;149;95;150;103;147;104;145;106;144;107;145;106;146;105;147;99;170;100;167;102;165;103;165;105;165;106;165;108;167;107;170;105;172;104;173;103;173;101;173;100;170;103;167;103;167;105;167;107;167;105;169;104;170;103;170
87;155;88;160;89;165;90;170;92;175;95;178;98;181;102;182;104;182;107;181;109;178;111;173;112;169;112;163;112;158;112;152;111;147;91;146;92;143;94;141;96;140;99;140;103;140;104;137;106;137;108;138;109;140;101;146;102;149;102;152;103;156;101;161;102;162;103;162;104;161;105;160;94;150;95;148;96;147;98;148;97;150;95;150;103;147;105;145;106;144;108;145;107;147;105;147;99;171;101;167;102;165;103;165;105;165;106;166;108;168;107;171;105;172;104;173;103;173;101;173;100;170;103;168;104;168;105;167;107;168;105;170;104;170;103;170
88;155;89;160;90;165;90;170;93;175;95;178;98;181;101;182;104;183;107;181;109;178;111;174;112;169;112;164;112;158;112;153;111;148;91;146;92;143;94;141;96;140;99;140;103;140;104;137;106;137;108;138;109;141;101;146;102;149;102;152;103;156;101;161;102;162;103;162;104;161;105;160;94;150;95;148;96;147;98;148;97;150;95;150;103;147;105;145;106;145;108;145;107;147;105;147;99;171;101;167;102;165;103;166;104;165;106;166;108;168;107;171;105;173;104;173;103;173;101;173;100;171;102;168;103;168;105;167;107;168;105;170;104;170;103;170
88;155;89;161;90;166;91;171;93;176;95;179;99;181;102;183;105;183;107;181;109;178;111;174;112;169;112;164;112;158;112;153;111;147;91;146;92;143;94;141;96;140;99;140;103;140;104;137;106;137;108;138;109;140;101;145;102;149;102;152;103;156;101;161;102;161;103;162;104;161;105;159;94;150;95;148;96;147;98;148;97;149;95;150;103;147;105;145;106;144;108;145;107;146;105;147;99;171;101;167;102;165;103;165;105;165;106;166;108;168;107;171;105;172;104;173;103;173;101;173;100;170;103;168;103;168;105;167;107;168;105;170;104;170;103;170
88;154;89;160;90;165;91;170;93;174;95;178;99;181;102;182;105;182;108;181;109;178;111;173;112;168;112;163;112;157;112;151;111;146;91;145;92;143;94;140;96;140;99;140;103;139;104;137;106;137;108;137;109;140;101;145;102;148;102;152;103;155;101;160;102;161;103;161;104;160;105;159;94;149;95;148;96;147;98;148;97;149;95;150;104;146;105;144;106;144;108;145;107;146;105;146;99;170;101;167;102;165;103;165;104;164;106;165;108;168;107;170;105;172;104;172;103;173;101;172;100;170;102;167;103;167;105;167;107;168;105;169;104;170;103;170
88;154;89;159;90;164;91;168;93;173;95;176;98;178;101;180;104;181;107;179;109;176;110;172;111;167;112;162;112;156;111;151;111;146;91;145;92;143;94;140;97;140;99;140;103;139;104;137;106;137;108;138;109;140;101;145;102;148;102;152;103;155;101;160;102;160;103;160;104;159;105;159;94;149;95;147;97;147;98;148;97;149;95;150;103;146;105;144;106;144;108;145;107;146;105;147;99;170;101;167;102;165;103;165;104;164;106;165;108;167;107;170;105;171;104;172;103;172;101;172;100;170;103;167;103;167;105;167;107;167;105;169;104;169;103;169
88;154;89;159;90;164;92;169;93;173;95;176;99;179;101;181;104;181;107;179;109;177;111;173;112;167;112;162;112;157;111;151;111;147;91;145;92;143;94;140;97;140;99;140;103;139;104;137;106;137;108;137;109;140;102;145;102;148;103;151;103;154;100;159;102;160;103;160;104;159;105;159;94;149;95;148;97;148;98;148;97;149;95;150;103;147;105;145;106;145;108;145;107;147;105;147;99;170;101;166;102;164;103;165;105;164;106;165;108;167;107;170;105;172;104;172;103;173;101;172;100;170;103;167;103;167;105;166;107;167;105;169;104;170;103;170
88;154;89;159;90;164;91;169;93;173;95;177;98;179;101;181;104;181;107;180;109;177;111;173;111;167;112;162;112;157;111;152;111;147;91;145;92;143;94;140;97;140;99;140;103;140;104;137;106;137;108;138;109;140;101;145;102;148;102;151;103;154;100;159;102;160;103;160;104;159;105;159;94;149;95;148;96;148;98;148;97;149;95;150;103;147;105;145;106;145;108;146;107;147;105;147;99;170;101;166;102;165;103;165;105;164;106;165;108;167;107;170;105;171;104;172;103;172;101;172;100;170;103;167;103;167;105;166;107;167;105;169;104;169;103;169
88;154;89;159;90;164;91;169;93;173;96;176;99;179;101;181;104;181;107;179;108;176;110;173;111;167;112;162;112;156;111;151;111;146;91;145;92;143;94;140;97;140;99;140;103;140;104;137;106;137;108;137;109;140;101;145;102;148;102;151;103;154;100;159;102;160;103;160;104;159;105;159;94;149;95;148;97;148;98;148;97;150;95;150;103;147;105;145;106;145;108;145;107;147;105;147;99;170;101;166;103;165;103;165;105;164;106;165;108;167;107;171;105;173;104;173;103;173;101;172;100;170;103;167;103;167;105;166;107;167;105;170;104;170;103;170
87;154;88;159;89;165;90;170;92;175;94;178;97;181;101;183;104;183;107;182;109;179;110;174;111;169;112;163;112;158;111;152;111;147;91;145;92;143;94;140;97;140;99;140;103;139;104;137;106;137;108;137;108;140;101;145;102;148;102;151;103;155;101;160;102;161;103;161;104;160;105;159;94;150;95;149;96;148;98;148;96;150;95;150;103;147;105;145;106;145;108;146;107;147;105;147;99;171;100;167;102;165;103;165;105;165;106;165;107;168;107;171;105;173;104;174;103;174;101;173;100;170;103;167;103;167;105;167;107;168;105;170;104;171;103;171
87;154;88;159;89;165;90;170;92;174;94;178;98;181;101;182;104;183;107;181;109;178;111;174;112;169;112;163;112;158;111;152;111;147;91;145;92;143;94;140;97;140;99;140;103;140;104;137;106;137;108;137;108;140;101;145;102;148;103;152;103;155;101;160;102;161;103;161;104;160;105;159;94;150;95;149;96;148;98;149;96;150;95;151;103;147;105;145;106;145;108;146;107;147;105;148;99;171;101;167;103;165;103;166;105;165;106;166;108;168;107;171;105;173;104;173;103;173;101;173;100;170;103;168;104;168;105;167;107;168;105;170;104;170;103;170
88;154;89;160;90;165;91;170;92;175;95;178;98;181;102;182;105;182;108;181;109;178;111;173;112;168;112;163;112;158;112;152;111;147;91;145;92;143;94;140;97;140;99;140;103;139;104;137;106;137;108;137;109;140;102;145;102;148;103;152;103;155;101;161;102;161;103;161;104;160;105;159;94;150;95;149;96;148;98;149;97;150;95;151;103;147;105;146;106;145;108;146;107;147;105;148;99;170;101;167;103;166;103;166;105;165;106;166;108;168;107;170;106;172;104;173;103;173;101;173;100;170;103;168;104;168;105;167;107;168;105;170;104;170;103;170
88;154;89;159;90;165;90;170;92;175;94;178;98;181;101;182;104;182;107;181;109;178;111;173;112;169;112;163;112;158;112;152;111;147;91;145;92;143;94;140;97;140;99;140;103;139;104;137;106;137;108;137;109;140;102;145;102;148;103;152;103;155;101;161;102;161;103;161;104;160;105;159;94;150;95;149;96;148;98;148;97;150;95;151;104;147;105;145;106;145;108;146;107;147;105;148;99;170;101;167;103;165;104;165;105;165;106;165;108;167;107;170;106;172;104;173;103;173;101;173;100;170;103;167;104;167;105;167;107;168;105;169;104;170;103;170
88;154;89;159;90;164;91;169;93;173;95;177;99;179;102;181;105;181;107;179;109;177;111;173;112;167;112;162;112;156;112;151;111;146;91;145;92;143;94;140;97;140;99;140;103;140;104;137;106;137;108;137;109;140;102;145;102;148;103;151;103;155;101;160;102;160;103;160;104;159;105;159;94;150;95;148;97;148;98;148;97;149;95;150;104;147;105;145;106;145;108;145;107;147;105;147;99;170;101;167;103;165;104;165;105;164;107;165;108;167;107;170;106;172;104;173;103;173;101;172;100;170;103;167;104;167;105;167;107;167;105;169;104;170;103;170
88;154;88;159;89;164;90;169;92;173;95;177;98;179;101;180;104;180;107;179;109;176;110;172;111;167;112;162;112;156;111;151;111;146;91;145;92;143;94;140;97;139;99;140;103;139;104;137;106;136;108;137;109;140;101;145;102;148;103;151;103;154;101;159;102;159;103;159;104;159;105;158;94;149;95;148;96;147;98;148;97;149;95;150;103;146;105;145;106;144;108;145;107;146;105;146;99;170;101;166;103;164;103;165;105;164;106;165;108;167;107;170;105;171;104;172;103;172;101;171;100;169;103;167;104;167;105;166;107;167;105;168;104;169;103;169
88;154;89;159;89;165;90;170;92;174;95;178;99;181;102;182;105;182;108;181;109;178;111;173;112;167;112;162;112;156;112;151;111;146;91;145;92;142;94;140;96;139;99;140;103;138;104;136;106;136;108;137;109;139;101;144;102;148;103;151;103;154;101;159;102;159;103;159;104;159;105;158;94;148;95;147;96;146;98;147;97;148;95;149;103;145;105;144;106;143;108;144;106;145;105;145;99;170;101;166;103;164;103;164;105;163;106;164;108;167;107;170;106;172;104;173;103;173;101;172;100;169;103;166;104;166;105;165;107;167;105;169;104;170;103;170
87;154;88;159;90;163;91;168;93;172;95;176;98;178;101;178;104;178;107;177;108;174;110;170;111;165;112;160;112;155;111;151;111;145;90;145;92;141;94;139;97;138;99;139;103;138;104;136;106;135;108;137;108;139;101;144;102;148;102;151;103;154;100;159;102;159;103;159;104;159;105;158;94;148;95;147;96;146;98;147;96;148;95;148;103;145;104;143;106;143;107;144;106;145;105;145;99;169;101;165;102;164;103;164;105;163;106;164;107;166;107;169;105;170;104;171;103;171;101;170;100;169;103;166;103;165;105;165;107;166;105;168;104;168;103;169
88;153;89;158;90;163;91;168;93;172;95;176;98;177;101;178;104;178;107;177;108;174;110;170;111;165;112;160;112;156;111;151;111;145;91;145;92;142;94;140;97;139;99;140;103;138;104;136;106;135;108;136;109;139;101;144;102;148;102;151;103;154;101;159;102;159;103;159;104;159;105;158;94;148;95;147;96;146;98;147;97;148;95;148;103;145;105;143;106;143;107;144;107;145;105;145;99;169;101;165;103;164;103;164;105;163;106;164;107;166;107;168;105;170;104;170;103;170;101;170;100;168;103;166;104;166;105;165;107;166;105;167;104;167;103;167
88;154;89;159;90;164;90;168;92;173;95;176;98;178;101;180;104;180;107;178;109;176;110;172;112;167;112;162;112;156;112;151;111;145;91;145;92;143;94;140;97;139;99;140;103;139;104;137;106;137;108;137;109;140;101;145;102;148;103;151;103;154;101;159;102;159;103;159;104;159;105;158;94;149;95;147;96;147;98;148;97;149;95;149;103;146;105;144;106;143;108;145;107;146;105;146;99;169;101;166;103;164;103;165;105;164;106;165;108;166;107;170;105;171;104;172;103;172;101;171;100;169;103;167;103;166;105;166;107;167;105;168;104;169;103;169
88;154;89;159;90;164;91;168;93;173;95;176;98;179;101;180;104;181;107;179;109;176;111;172;112;167;112;162;112;156;111;151;111;146;91;145;92;143;94;140;97;140;99;140;103;140;104;137;106;137;108;137;109;140;101;145;102;148;103;152;103;155;101;160;102;160;103;160;104;159;105;159;94;149;95;148;97;147;98;148;97;149;95;150;103;147;105;145;106;144;108;145;107;146;105;147;99;170;101;167;103;165;104;165;105;164;106;165;108;167;107;170;106;171;104;172;103;172;101;172;100;170;103;167;104;167;105;167;107;167;105;169;104;169;103;170
88;154;89;159;90;165;91;170;93;173;95;177;99;179;102;181;105;181;107;179;109;176;110;172;112;167;112;162;112;156;111;151;111;146;91;146;92;143;94;141;97;140;99;141;103;140;104;137;106;137;108;138;109;140;101;146;102;149;103;152;103;156;101;160;102;161;103;161;104;160;105;159;94;150;95;148;97;148;98;148;97;150;95;151;103;147;104;145;106;145;107;145;106;147;105;148;99;170;101;167;103;165;104;165;105;165;106;165;108;167;107;170;106;171;104;172;103;172;102;172;100;170;103;167;104;167;105;167;107;167;105;169;104;169;103;170
88;154;89;159;90;165;91;169;93;173;95;176;99;178;102;180;105;181;108;179;109;176;111;172;112;167;112;162;112;156;111;151;111;146;91;146;92;143;94;141;97;140;99;141;103;140;104;138;106;137;108;138;109;141;102;145;102;149;103;152;103;156;101;160;102;161;103;161;104;160;105;159;94;150;95;148;97;148;98;148;97;150;95;151;103;147;105;145;106;145;108;145;107;147;105;148;99;170;101;167;103;165;104;165;105;165;106;165;108;167;107;170;106;171;104;172;103;172;102;171;100;170;103;167;104;167;105;167;107;167;105;168;104;169;103;169
88;154;89;159;90;164;91;169;93;173;95;177;99;179;102;181;105;181;108;179;109;176;111;172;112;167;112;162;112;156;112;151;111;146;91;146;92;143;94;140;97;140;99;141;103;140;104;137;106;137;108;138;109;140;102;145;102;148;103;152;103;155;101;160;102;161;103;161;104;160;105;159;94;150;95;148;97;148;98;148;97;150;95;151;103;147;105;145;106;145;108;145;107;147;105;148;99;170;101;167;103;165;104;165;105;165;106;165;108;167;107;169;106;170;104;171;103;171;102;171;100;170;103;167;104;167;105;167;107;167;105;167;104;168;103;168
88;154;88;159;90;164;91;169;93;173;95;176;98;178;102;179;104;179;107;178;109;175;110;171;112;166;112;161;112;156;112;151;111;145;91;146;92;143;94;140;97;140;99;140;103;140;104;137;106;137;108;137;109;140;102;145;102;148;103;152;103;155;101;160;102;160;103;160;104;159;105;159;94;150;95;148;97;148;98;148;97;150;95;151;104;147;105;145;106;145;108;145;107;147;105;147;99;169;101;166;103;165;104;165;105;164;106;165;108;166;107;168;106;170;104;170;103;170;102;170;100;169;103;167;104;167;105;167;107;167;105;167;104;167;103;167
88;154;88;159;90;164;90;169;92;173;95;176;98;178;101;180;104;179;107;178;109;176;110;171;111;166;112;161;112;156;111;151;111;145;91;145;92;143;94;140;97;140;99;140;103;139;104;137;106;137;108;137;109;140;102;145;102;148;103;151;103;155;101;159;102;160;103;160;104;159;105;159;94;149;95;148;97;147;98;148;97;149;95;150;103;146;105;145;106;144;107;145;106;146;105;147;99;169;101;166;103;165;103;165;105;164;106;165;108;166;107;168;105;170;104;170;103;170;101;170;100;169;103;167;104;167;105;166;107;166;105;167;104;167;103;167
87;154;88;159;90;164;90;169;93;173;95;176;98;178;101;180;104;180;107;178;109;176;111;172;112;167;112;162;112;156;112;151;111;145;91;145;92;143;94;140;97;139;99;140;103;138;104;137;106;136;108;137;109;140;102;145;102;148;103;151;103;154;101;159;102;159;103;159;104;159;105;158;94;149;95;148;97;147;98;148;97;149;95;150;103;146;105;144;106;144;108;145;107;146;105;146;99;169;101;166;103;165;103;165;105;164;106;165;108;167;107;169;105;170;104;170;103;171;101;170;100;169;103;167;104;167;105;166;107;167;105;167;104;168;103;168
88;153;89;158;90;163;91;168;92;173;95;176;98;178;101;179;104;180;107;178;109;176;111;172;112;167;112;162;112;156;112;151;111;145;91;145;92;143;94;140;97;140;99;140;103;139;104;137;106;136;108;137;109;140;101;145;102;148;103;151;103;154;101;159;102;159;103;159;104;159;105;158;94;149;95;148;97;147;98;148;97;149;95;150;103;146;105;144;106;144;108;145;107;146;105;146;99;169;101;166;103;164;103;165;104;164;106;165;108;167;107;170;105;171;104;171;103;171;101;171;100;169;103;167;103;166;105;166;107;167;105;168;104;169;103;169
88;153;89;158;90;163;91;167;93;172;95;176;98;178;101;180;104;180;107;178;109;176;110;171;112;166;112;161;112;156;111;150;111;145;91;146;92;143;94;140;97;140;99;140;103;139;104;137;106;137;108;137;109;140;101;145;102;148;103;151;103;155;101;159;102;160;103;160;104;159;105;159;94;149;95;148;97;148;98;148;97;149;95;150;103;146;105;145;106;144;108;145;107;146;105;147;99;170;101;166;103;165;103;165;105;164;106;165;108;167;107;170;105;171;104;172;103;172;101;171;100;169;103;167;104;167;105;167;107;167;105;168;104;169;103;169
87;154;88;159;89;164;90;169;92;173;95;177;98;179;102;181;104;181;107;180;109;176;111;173;112;167;112;162;112;156;111;151;111;145;91;146;92;143;94;141;97;140;99;141;103;140;104;137;106;137;108;138;109;140;102;145;102;149;103;152;103;156;101;160;102;161;103;161;104;160;105;159;94;150;95;148;97;148;98;148;97;150;95;151;103;147;105;145;106;145;108;145;107;147;105;147;99;170;101;167;103;165;103;165;105;165;106;165;108;167;107;170;105;173;104;173;103;173;101;172;100;170;103;167;104;167;105;167;107;167;105;170;104;170;103;170
88;154;89;160;90;165;91;170;93;175;95;178;99;181;102;183;105;183;108;181;110;178;111;173;112;168;112;162;112;157;112;151;111;146;91;146;93;143;94;141;97;140;99;141;103;140;104;138;106;137;108;138;109;141;102;146;102;150;103;153;103;156;101;162;102;162;103;162;104;161;105;160;94;151;95;149;97;148;98;149;97;151;95;151;103;148;105;146;106;145;108;146;107;148;105;148;99;171;101;167;103;166;104;167;105;165;107;166;108;168;107;171;106;173;104;173;103;173;101;173;100;170;103;168;104;168;105;168;107;168;105;170;104;170;103;170
88;156;89;161;90;167;91;172;93;176;96;180;99;182;102;184;105;184;108;182;110;178;111;174;112;169;112;164;112;158;112;153;111;148;91;148;93;144;94;142;97;141;99;142;103;141;105;139;107;138;108;140;109;142;102;148;103;151;103;154;103;157;101;162;103;162;104;163;105;162;106;161;94;151;95;150;97;149;99;150;97;151;96;151;104;148;105;147;107;146;108;147;107;148;105;148;99;172;101;169;103;167;104;167;105;166;107;167;108;169;107;172;106;173;105;174;103;174;102;174;100;172;103;170;104;169;105;169;107;169;106;171;104;172;103;172
88;156;89;161;90;166;91;171;93;176;96;179;99;182;102;184;105;184;108;183;110;179;111;174;112;169;112;164;112;159;112;153;111;148;92;147;93;144;95;142;97;141;99;142;103;140;105;139;107;138;108;140;109;142;102;148;103;151;103;154;104;158;101;162;103;163;104;163;105;162;106;162;94;151;96;150;97;149;99;151;97;151;96;152;104;148;105;147;107;146;108;148;107;148;106;149;100;172;101;169;103;167;104;167;105;167;107;167;108;170;108;173;106;175;105;175;103;176;102;174;100;172;103;170;104;170;106;169;108;170;106;172;105;172;103;172
88;155;89;161;90;166;91;171;93;176;96;179;99;182;102;184;105;184;108;183;110;179;111;174;112;169;112;163;112;158;112;152;111;147;92;147;93;144;95;142;97;141;99;142;104;141;105;139;107;138;108;139;109;142;102;147;103;151;103;154;104;158;102;162;103;163;104;163;105;162;106;161;94;151;96;150;97;149;99;150;98;151;96;151;104;148;105;146;107;146;108;147;107;148;106;148;100;172;101;169;103;167;104;167;106;167;107;167;108;169;108;173;106;174;105;175;104;175;102;174;101;172;103;170;104;170;106;169;108;170;106;172;105;172;103;173
88;155;89;160;90;166;91;171;93;176;96;179;99;182;102;184;105;184;108;182;110;179;111;174;112;169;112;163;112;158;112;152;111;148;92;147;93;144;95;142;97;141;99;142;104;141;105;139;107;138;108;140;109;142;102;147;103;151;103;154;104;157;102;162;103;162;104;162;105;162;106;161;94;151;96;149;97;148;99;150;98;151;96;151;104;148;105;146;107;146;108;147;107;148;106;148;100;172;101;168;103;167;104;167;106;166;107;167;108;169;108;172;106;174;105;175;103;175;102;174;101;171;103;169;104;169;106;169;108;169;106;171;105;172;103;172
88;154;89;160;90;165;91;170;93;175;95;179;99;181;102;184;105;184;108;182;110;178;111;174;112;169;112;163;112;158;112;153;111;148;92;147;93;144;95;141;98;140;100;141;104;140;105;138;107;137;108;139;109;142;103;147;103;150;103;154;104;156;102;162;103;162;104;162;105;162;106;160;95;151;96;149;98;148;99;150;98;151;96;151;104;148;105;146;107;145;108;147;107;148;106;148;100;171;101;168;103;167;104;167;105;166;107;167;108;169;108;172;106;173;105;174;103;174;102;173;101;171;103;169;104;169;106;168;108;169;106;170;105;171;103;171
