50;132;50;135;50;138;51;142;52;145;52;149;53;154;54;156;56;158;59;158;63;156;67;154;69;150;71;145;72;139;72;132;72;126;48;126;48;126;49;125;50;125;51;125;54;123;56;121;58;121;61;121;64;123;52;127;52;129;51;132;51;135;51;138;52;139;53;140;54;139;55;138;49;130;49;129;51;128;52;129;51;129;50;130;58;128;58;126;60;126;62;126;60;127;59;128;53;145;52;144;53;143;54;143;54;143;57;143;60;145;58;148;55;148;54;148;54;148;53;147;53;145;53;145;54;145;55;145;59;145;55;146;54;146;53;145
51;135;51;137;51;140;52;143;53;147;53;151;54;156;54;159;56;161;59;160;63;159;67;157;71;154;72;148;73;141;73;135;73;129;49;126;49;126;49;126;50;126;51;126;54;123;55;121;58;120;61;121;64;123;52;128;52;130;51;132;50;135;51;140;52;140;52;140;54;140;55;140;50;132;50;130;51;129;53;130;52;131;50;132;57;129;58;127;60;127;62;128;60;129;58;129;54;148;53;145;53;144;53;145;54;144;56;145;58;148;56;150;54;150;54;150;53;149;54;149;54;148;53;146;54;146;54;146;58;148;54;147;54;147;53;147
51;125;49;129;48;133;49;137;49;143;49;148;49;155;49;160;51;164;54;165;59;164;63;162;68;158;71;153;73;145;73;137;74;130;51;118;51;118;51;118;52;119;52;121;54;121;57;120;59;121;62;123;64;125;52;126;51;129;49;132;48;134;48;137;49;139;49;140;51;140;53;140;50;125;51;124;52;125;53;126;52;126;51;125;57;128;58;127;59;128;61;129;59;129;58;129;49;144;49;142;49;142;50;143;51;143;54;145;58;148;54;151;51;152;49;151;49;151;49;147;50;144;49;144;50;145;51;145;57;148;51;149;50;148;49;147
50;126;49;130;48;134;48;139;49;143;49;148;49;154;49;159;52;162;55;164;59;163;63;161;67;156;69;151;71;144;72;137;72;131;50;120;50;120;51;121;51;121;51;123;54;123;56;123;58;124;61;126;63;129;52;127;51;131;50;134;49;137;49;139;49;140;50;142;52;142;53;142;50;125;50;125;51;126;52;127;51;126;50;126;56;129;58;129;59;129;60;131;58;131;57;130;49;145;49;144;50;145;51;145;52;145;54;148;57;150;54;153;52;153;50;152;49;151;49;148;50;146;50;146;51;147;52;148;56;150;52;151;50;150;49;148
48;133;47;137;47;140;48;144;49;148;49;152;50;157;50;161;53;163;55;164;59;162;63;159;66;155;68;149;69;143;69;137;69;130;48;128;49;129;49;129;49;129;49;130;53;129;54;127;57;127;59;127;61;129;51;132;50;134;49;137;49;140;49;143;49;143;50;144;51;144;53;143;48;132;49;132;49;132;50;132;49;132;49;132;55;132;56;131;57;131;59;132;58;132;56;132;49;148;49;147;49;147;50;148;52;148;54;148;57;151;54;154;52;154;50;154;49;154;49;151;49;149;49;148;51;148;52;149;56;151;52;152;50;152;49;151
48;136;48;139;48;142;49;145;50;149;50;153;51;157;53;161;54;162;58;162;61;161;65;157;67;153;69;148;69;141;69;135;69;129;47;129;47;129;48;129;48;129;49;129;51;127;53;125;56;125;58;125;61;126;50;131;50;134;49;137;49;140;49;143;50;143;51;144;52;143;53;143;48;133;48;132;49;132;50;132;49;132;49;133;55;131;56;129;57;129;58;129;57;131;56;131;51;150;50;148;51;148;52;148;53;148;55;148;58;150;55;153;54;154;52;153;51;153;51;151;51;150;51;149;52;149;53;149;57;150;53;151;52;151;51;150
48;139;48;142;48;145;49;149;50;153;50;157;51;162;52;165;54;165;57;165;62;163;66;160;69;156;71;150;72;143;72;135;72;129;46;130;46;129;46;128;47;127;47;127;51;124;53;122;55;121;58;122;61;123;49;129;48;132;47;134;47;137;48;141;49;143;49;143;51;142;52;140;47;134;47;132;48;132;49;132;49;133;48;134;54;130;55;129;57;128;58;129;57;129;55;130;50;153;49;148;49;146;50;146;51;145;54;147;57;150;54;152;52;153;51;154;50;154;50;154;50;152;50;148;50;148;52;148;56;149;52;151;50;151;50;151
49;143;49;145;50;148;51;151;52;154;52;157;53;162;54;164;55;164;59;163;64;162;68;160;71;156;73;150;73;143;73;136;73;129;45;133;45;131;45;129;45;128;46;127;49;123;52;121;55;120;58;121;62;122;48;129;48;131;47;133;46;134;48;140;48;141;49;140;50;140;52;139;46;136;46;134;47;133;49;132;48;134;47;135;54;129;55;127;57;126;59;127;58;128;56;129;50;153;49;148;49;145;50;145;51;144;54;145;58;148;55;151;53;151;51;152;50;153;50;153;51;151;50;147;51;146;52;146;57;148;52;149;51;149;50;150
48;128;47;132;47;135;48;140;48;144;49;148;49;154;50;158;52;161;55;161;59;159;63;156;67;151;68;145;69;139;70;132;70;125;48;121;48;121;49;121;49;121;49;122;52;121;54;119;57;119;59;121;61;123;50;125;50;128;49;132;48;134;48;137;49;138;49;139;51;138;53;138;48;126;49;126;49;126;50;126;49;126;49;126;55;126;56;126;58;126;59;126;58;126;56;126;49;143;49;142;49;142;50;143;51;143;54;143;57;145;54;149;52;151;50;151;49;149;49;147;49;144;49;143;50;144;52;144;56;145;52;148;50;148;49;147
48;132;48;136;49;139;49;143;50;146;50;150;51;154;53;157;55;159;58;158;62;156;65;153;67;148;69;143;69;136;70;130;70;124;46;126;46;125;47;124;48;124;49;124;52;122;54;120;56;119;59;120;61;121;50;126;50;129;49;132;49;134;49;137;50;138;51;138;52;137;54;137;47;129;48;128;49;127;50;128;49;129;48;129;55;126;56;124;58;124;59;125;58;126;57;126;50;144;50;143;51;142;52;143;53;142;56;143;58;143;56;147;54;148;53;148;51;148;50;146;50;144;51;143;52;143;53;143;58;144;54;146;52;146;51;145
48;133;48;136;49;139;49;142;50;145;50;149;51;154;52;156;54;158;58;158;62;156;65;154;68;149;69;143;70;137;70;131;70;124;46;126;46;125;47;124;48;123;49;124;52;121;54;119;57;118;59;119;62;121;50;125;50;128;49;131;49;134;49;137;50;137;51;138;52;137;54;137;48;129;48;127;49;127;50;127;49;128;48;129;55;126;57;124;58;123;60;124;58;125;57;126;50;144;50;143;51;142;52;143;53;142;55;143;58;143;56;147;54;147;52;147;51;147;51;145;51;144;51;143;52;143;53;143;58;143;53;145;52;145;51;145
49;132;49;134;49;137;50;141;50;145;50;148;51;154;52;157;54;159;57;159;61;157;65;154;68;150;70;144;70;137;71;130;71;124;47;125;47;124;47;124;48;124;48;124;52;122;54;120;56;119;59;120;62;121;50;126;49;129;49;132;48;134;49;137;49;138;50;138;52;138;53;137;48;129;48;128;49;127;50;127;49;128;49;128;55;126;56;125;58;125;59;125;58;126;57;126;50;144;49;143;50;142;51;143;52;142;55;143;58;144;55;147;53;148;52;148;50;148;50;146;50;144;50;143;51;143;53;143;57;144;53;146;51;146;50;145
49;132;49;134;49;137;49;140;49;144;49;148;50;154;51;157;53;159;56;159;60;158;64;155;67;150;69;144;70;137;70;131;70;124;47;125;47;124;47;124;48;124;48;124;52;122;54;120;56;119;58;120;61;122;50;126;49;129;49;132;48;134;48;137;49;138;50;139;51;138;53;137;48;129;48;127;49;127;50;127;49;128;48;128;55;126;56;125;57;125;59;125;58;126;56;126;49;143;49;142;49;142;50;143;52;142;54;143;58;144;55;148;52;149;51;149;50;148;49;146;50;144;50;143;51;143;52;143;57;145;52;147;51;147;49;146
49;127;49;131;48;134;48;139;49;143;49;148;49;154;49;158;52;161;55;161;59;160;63;157;67;154;69;148;70;141;71;134;71;128;49;121;49;121;50;121;50;121;51;122;53;121;55;119;57;120;60;121;62;123;51;125;50;128;49;131;48;134;48;137;49;138;50;139;51;139;53;138;49;126;49;126;50;126;51;126;50;126;49;126;56;126;57;126;58;126;60;126;58;127;57;127;49;144;49;142;49;142;50;143;51;143;54;144;57;146;54;149;52;150;50;149;49;148;49;146;49;144;49;143;50;144;51;144;56;146;51;148;50;148;49;146
44;127;44;132;43;137;44;143;45;148;46;153;47;157;48;162;51;164;55;165;59;163;64;161;68;156;71;151;72;143;72;135;72;127;42;117;42;115;44;115;45;115;47;117;51;117;54;115;58;115;61;118;64;121;49;123;48;126;48;129;47;133;46;137;47;138;49;139;50;139;52;139;44;124;45;123;46;123;48;124;46;125;45;125;54;126;56;126;58;126;60;127;58;128;56;128;46;146;46;143;48;142;49;143;50;143;54;145;57;148;54;151;51;152;49;152;48;151;47;149;47;146;48;144;49;145;51;145;56;148;51;149;49;148;48;148
44;128;44;133;44;137;44;143;45;148;46;153;47;157;49;161;51;163;54;165;59;163;64;160;67;156;71;151;72;143;72;135;72;128;42;117;42;115;44;115;45;115;46;117;51;117;54;115;58;115;61;118;64;121;49;123;48;126;47;130;46;134;46;137;47;138;49;140;50;139;52;139;44;124;44;123;45;123;47;125;45;125;44;126;54;126;56;125;58;126;60;127;58;128;56;128;46;146;46;143;48;142;49;143;50;143;54;145;58;147;54;151;51;153;49;153;48;152;47;150;46;146;48;145;49;145;51;145;56;147;51;149;49;149;48;148
43;131;43;135;43;140;44;145;45;150;46;154;48;158;49;162;51;164;55;165;60;163;64;161;68;157;71;151;72;144;72;136;72;128;41;118;41;116;42;115;44;115;46;117;50;117;54;114;58;115;61;117;64;121;49;123;48;126;48;129;47;133;46;138;47;139;49;140;50;139;52;139;43;126;44;124;45;124;47;125;45;126;44;126;54;126;56;126;58;126;60;127;58;128;56;128;46;148;46;144;48;143;49;143;51;143;54;145;58;148;54;151;51;153;49;152;48;152;47;150;46;147;48;145;49;145;51;145;56;148;51;149;49;149;48;148
49;124;48;127;47;131;47;136;47;142;46;148;46;154;47;160;49;163;54;164;58;163;63;161;67;156;69;151;71;144;71;137;72;131;49;117;49;117;50;117;50;118;50;120;54;121;55;119;58;120;60;121;63;123;51;124;50;127;49;131;47;134;47;137;48;138;49;139;50;139;52;139;49;123;49;123;51;123;51;124;50;124;49;124;55;126;57;126;58;126;60;127;58;127;57;127;47;144;47;143;48;142;49;143;50;143;54;145;57;148;54;150;50;150;49;150;48;149;47;147;48;145;48;144;49;145;50;145;56;148;50;148;49;147;48;146
49;128;48;131;48;134;48;140;48;144;47;150;48;156;49;160;51;163;54;164;59;163;63;160;67;156;70;151;71;144;72;137;72;130;48;120;48;119;48;119;48;119;49;120;53;120;55;118;57;118;60;119;63;121;50;123;49;126;48;129;47;132;47;136;48;137;49;138;50;137;53;137;48;125;49;123;49;123;50;124;49;125;49;125;55;126;57;124;58;124;60;125;58;126;57;126;47;145;47;143;48;141;49;142;51;142;54;143;58;146;54;150;51;150;49;149;48;149;47;147;48;145;48;143;49;144;51;144;57;146;51;147;49;146;48;145
49;130;48;133;48;137;48;141;49;145;49;150;49;156;49;159;52;162;55;162;59;161;63;158;67;154;70;148;71;140;71;134;71;127;48;122;48;122;49;121;49;122;49;122;53;121;54;118;57;118;59;120;62;121;51;124;50;127;49;130;48;133;49;136;49;137;50;138;51;138;53;137;49;127;49;126;50;126;51;126;50;127;49;127;55;126;57;125;58;125;59;126;58;126;57;126;49;145;49;143;49;142;50;142;52;142;54;143;57;145;54;148;52;148;50;148;49;148;49;146;49;145;49;143;50;144;52;144;57;145;52;146;50;146;49;145
44;122;44;127;43;132;44;137;45;143;45;148;47;154;48;158;50;160;54;162;59;161;64;158;68;154;71;148;72;141;73;133;73;126;42;111;43;109;45;109;46;110;48;112;52;113;55;111;59;111;63;114;65;118;50;119;49;123;48;126;47;129;46;134;47;134;49;136;50;136;52;135;44;118;45;118;46;118;48;120;46;121;45;121;55;123;57;121;59;122;61;123;59;124;57;124;46;143;47;140;48;139;49;140;51;140;54;142;57;145;54;148;51;150;49;150;48;149;47;147;47;143;48;141;49;142;51;142;56;145;51;147;49;147;48;146
42;124;42;129;42;134;43;140;44;145;45;151;47;154;48;158;51;160;55;161;59;160;64;158;67;154;71;148;72;141;72;134;73;126;41;112;42;110;44;110;45;110;47;112;52;112;55;110;58;111;62;114;65;118;49;119;49;122;48;125;47;129;46;134;47;134;49;135;50;135;52;135;43;120;44;118;46;119;47;121;45;121;44;121;55;122;57;121;59;122;61;123;59;124;57;124;45;144;47;140;48;139;49;140;51;140;54;142;57;145;54;148;51;150;49;150;48;149;47;147;46;143;48;141;49;142;51;142;56;144;51;146;49;146;48;145
