62;117;63;123;64;129;66;136;68;142;72;147;75;151;80;153;84;152;87;149;90;143;90;137;90;130;90;123;90;118;90;112;89;107;66;106;67;102;70;99;73;99;76;99;80;99;82;96;84;96;86;96;88;99;79;104;79;109;80;113;81;118;78;123;79;123;81;123;82;123;83;121;69;109;71;106;72;105;74;107;73;108;71;109;81;105;83;102;85;101;86;104;85;104;83;105;76;134;78;131;80;129;81;129;83;128;85;129;86;130;85;133;84;134;82;135;81;135;79;135;77;134;81;132;82;132;83;131;85;131;83;132;82;132;81;132
62;116;63;123;64;129;66;135;68;141;71;146;75;151;79;152;84;151;87;149;89;143;90;137;90;130;90;123;90;118;90;112;89;107;66;106;67;102;70;99;73;99;76;99;80;98;82;96;84;96;86;96;87;99;78;104;79;108;80;113;81;118;78;123;79;123;81;123;82;122;83;121;69;109;70;106;72;105;74;107;72;108;71;109;81;104;82;102;84;101;85;103;85;104;83;104;76;134;78;131;80;129;81;129;83;127;84;128;85;130;85;132;84;134;82;134;81;135;79;135;77;134;80;132;81;131;83;130;85;130;83;131;82;132;81;132
62;115;63;122;64;128;66;134;68;140;71;145;75;149;79;151;83;151;87;148;89;143;90;137;90;130;90;123;90;117;90;111;89;106;66;106;67;101;70;99;73;98;76;99;80;98;82;96;84;96;86;96;87;99;78;103;79;108;80;112;81;117;77;122;79;123;81;123;82;122;83;120;69;109;70;106;72;105;74;107;72;107;71;109;81;104;83;101;85;101;86;103;85;104;83;104;76;133;78;130;80;128;81;128;82;127;84;128;85;130;85;132;83;134;82;134;81;134;79;134;77;133;80;131;81;130;83;130;85;130;83;131;82;132;81;132
62;115;63;122;64;128;66;134;68;140;71;145;75;149;79;151;83;151;87;148;89;143;90;137;90;129;90;123;90;117;90;111;89;106;66;105;67;101;70;99;72;97;75;98;80;97;81;95;84;95;86;96;87;99;78;103;79;107;80;112;81;116;77;121;79;122;81;122;82;121;83;119;69;108;70;105;72;104;74;106;72;107;71;108;81;104;82;101;84;101;85;102;85;104;83;104;76;133;78;129;80;127;81;127;82;126;84;127;85;129;85;132;83;133;82;134;81;134;78;134;77;132;80;130;81;129;82;129;85;129;83;130;81;131;80;131
62;115;63;121;64;128;66;134;68;140;71;145;75;148;79;151;83;150;87;148;89;143;90;136;90;129;90;123;90;116;90;111;89;105;66;104;67;101;70;98;72;97;75;98;80;97;81;95;84;94;86;96;87;98;78;102;79;107;80;111;81;115;77;121;79;122;81;122;82;121;83;119;69;107;70;104;72;104;74;105;72;107;71;107;81;104;82;101;84;100;85;102;85;103;83;104;76;132;78;129;80;127;81;127;82;126;84;126;85;129;85;131;83;132;82;133;81;134;78;133;77;132;80;129;81;129;83;129;85;129;83;129;81;130;80;130
62;115;63;121;64;128;66;134;68;140;71;145;75;148;79;151;83;150;87;148;89;143;90;136;90;129;90;123;90;117;90;111;89;106;66;104;67;101;70;98;72;96;75;98;80;97;81;95;84;94;86;95;87;98;78;102;79;107;80;111;80;115;77;121;79;121;81;122;82;121;83;118;69;107;70;104;72;104;74;105;72;107;70;107;81;103;82;101;84;101;85;102;85;103;83;104;76;132;78;129;80;126;81;126;82;126;84;126;85;129;84;131;83;132;82;133;81;133;78;133;76;132;80;129;81;129;82;129;85;129;83;129;81;130;80;130
61;115;63;121;64;128;66;134;68;140;71;145;75;149;79;151;83;150;87;148;89;143;90;136;90;129;90;122;90;116;90;110;89;105;66;104;67;101;70;98;72;97;75;98;80;96;81;95;84;94;86;95;87;98;78;102;79;107;80;111;81;115;77;121;79;121;81;122;82;121;83;119;69;107;70;104;72;104;74;105;72;107;71;107;81;103;82;101;84;101;85;102;85;103;83;103;76;132;78;129;80;127;81;127;82;126;84;126;85;129;85;131;83;132;82;133;81;133;79;133;77;132;80;129;81;129;83;129;85;129;83;129;81;130;80;130
62;115;63;122;64;129;66;134;68;140;71;145;75;149;79;151;83;151;87;148;89;143;90;136;90;129;90;123;90;117;90;111;89;106;66;104;67;101;70;99;72;97;75;98;80;97;81;95;84;95;85;96;87;98;78;103;79;107;80;112;81;116;77;121;79;122;81;122;82;121;83;119;69;108;70;105;72;104;74;106;72;107;71;108;81;104;82;101;84;101;85;102;85;104;83;104;76;132;78;129;80;127;81;127;82;126;84;127;85;129;85;132;83;133;82;134;81;134;78;134;77;132;80;130;81;129;82;129;85;129;83;130;81;131;80;131
62;115;63;122;64;129;66;134;68;140;71;145;75;149;79;151;83;151;87;148;89;143;90;137;90;129;90;123;90;117;90;112;89;106;66;105;67;101;70;99;73;97;76;99;80;97;81;95;84;95;86;96;87;98;78;103;79;107;80;112;80;116;77;121;79;122;81;123;82;121;83;120;69;108;70;105;72;104;74;106;72;107;71;108;81;104;82;101;84;101;85;102;85;104;83;104;76;133;78;129;80;128;81;128;82;126;84;127;85;129;85;132;83;133;82;134;81;134;78;134;77;132;80;130;81;130;82;129;85;129;83;130;81;131;80;131
62;115;63;122;64;129;66;134;68;140;71;145;75;149;79;151;83;151;87;148;89;143;90;137;90;129;90;123;90;117;90;111;89;106;66;105;67;101;70;99;72;98;75;99;80;97;81;95;84;94;86;95;87;98;78;103;79;107;80;112;81;116;77;121;79;123;81;123;82;121;83;120;69;108;70;105;72;104;74;106;72;107;71;108;81;104;82;101;84;101;85;103;85;104;83;104;76;133;78;129;80;128;81;128;82;127;84;128;85;129;85;132;83;133;82;134;81;134;78;134;76;132;80;131;81;130;82;129;85;129;83;130;81;131;80;132
62;115;63;121;64;128;66;134;68;140;71;145;75;149;79;151;83;151;87;148;89;143;90;137;90;129;90;123;90;117;90;111;89;106;66;105;67;101;70;99;72;98;75;99;80;97;81;95;84;95;85;96;87;98;78;103;79;107;80;112;81;117;77;121;79;123;81;123;82;121;83;120;69;108;70;105;72;104;74;106;72;107;71;108;81;104;82;101;84;101;85;103;85;104;83;104;76;132;77;129;79;128;81;128;82;127;84;128;85;129;85;132;83;133;82;134;80;134;78;134;76;132;80;131;81;130;82;129;85;129;83;130;81;131;80;132
