60;93;60;102;59;112;59;121;60;129;63;137;67;144;72;151;78;153;83;153;87;148;90;143;92;136;94;129;95;121;97;115;97;108;67;85;71;82;76;82;80;84;83;88;89;91;92;90;95;93;97;95;98;100;85;97;85;102;85;107;85;112;79;117;81;119;83;121;85;121;87;121;72;93;74;91;76;93;78;97;76;96;73;96;88;101;90;100;93;101;94;104;93;105;90;104;74;129;77;127;81;126;82;128;84;128;85;131;87;134;85;136;82;135;81;135;79;134;76;132;75;129;80;130;81;131;83;132;85;134;83;132;81;131;80;130
61;95;60;104;59;112;59;121;60;130;63;138;67;145;72;151;78;154;83;154;87;150;90;144;92;137;93;130;94;123;96;116;97;110;67;85;72;82;76;82;80;83;84;88;89;91;92;90;95;93;98;96;98;101;86;96;85;101;85;107;85;112;79;117;81;119;83;121;85;121;87;121;72;93;74;90;77;93;79;96;76;96;73;95;88;101;91;100;93;101;94;104;93;105;90;104;74;129;77;126;81;126;82;128;84;128;86;131;87;134;85;136;83;135;81;134;79;134;76;132;75;129;80;129;82;131;84;131;86;134;83;132;81;131;80;130
61;95;60;104;59;112;59;121;60;129;63;137;67;144;72;150;78;153;83;153;87;148;90;143;92;137;94;129;95;123;96;115;97;110;68;85;72;82;76;82;80;83;84;88;89;91;92;90;95;92;98;95;98;101;86;96;85;102;85;107;85;112;79;117;81;118;83;121;85;121;86;120;72;93;75;91;77;93;79;96;76;96;74;95;88;101;91;100;93;101;94;104;93;104;90;104;74;128;77;126;81;126;82;128;84;128;85;131;87;134;85;135;82;134;81;134;79;133;76;131;75;129;80;129;81;130;83;131;86;133;83;131;81;131;80;129
61;94;60;104;59;112;59;121;61;129;63;137;67;144;72;150;78;153;83;152;87;148;90;143;92;136;94;129;95;122;97;115;98;108;68;85;72;82;76;82;80;83;83;88;89;91;92;90;95;92;98;95;99;100;85;96;85;102;85;107;85;112;79;117;81;118;83;121;85;121;86;120;72;93;74;90;77;92;79;96;76;96;73;95;88;101;91;99;93;101;94;104;93;104;90;104;74;128;77;126;81;126;82;127;84;127;85;130;87;134;85;135;83;134;81;134;79;133;76;131;75;129;80;129;81;130;83;131;86;133;83;131;81;131;80;129
60;95;60;104;59;112;59;121;60;129;63;137;67;144;72;150;77;153;83;153;87;148;90;143;92;136;94;129;95;122;97;115;98;109;68;85;72;82;76;82;80;83;83;88;89;91;92;91;95;93;98;96;99;101;85;97;85;102;85;107;85;112;79;117;81;118;83;121;85;121;86;120;72;93;74;91;77;93;79;96;76;96;74;95;88;101;91;100;93;101;94;105;93;105;90;104;74;128;77;126;81;126;82;128;84;128;85;130;86;134;84;135;82;134;81;134;79;133;76;131;75;129;80;129;81;130;83;131;85;133;83;131;81;130;80;129
60;95;59;104;59;112;59;121;60;129;63;137;67;144;72;150;77;153;82;152;87;148;90;143;92;136;94;129;95;123;97;116;98;110;67;85;71;82;76;82;80;83;83;88;89;91;92;91;95;93;98;96;99;101;85;97;85;101;85;107;85;112;79;116;81;118;83;120;85;121;86;120;72;93;74;90;77;93;79;96;76;96;74;95;88;101;91;100;93;101;94;105;93;105;90;104;74;128;77;126;81;126;82;127;84;127;85;130;87;134;84;135;82;134;81;134;79;133;76;131;75;128;80;129;81;130;83;131;85;133;83;131;81;131;80;129
61;95;60;104;59;112;59;121;60;129;63;137;67;143;72;149;77;152;82;152;87;148;90;143;92;136;94;129;95;123;97;115;98;110;68;85;72;82;76;82;80;83;83;88;89;91;92;91;95;93;98;96;99;101;85;96;85;101;85;107;85;112;79;116;81;118;83;121;85;121;86;120;72;93;74;90;77;92;79;96;76;96;73;95;88;101;91;99;93;101;94;104;93;104;90;104;74;128;77;126;80;126;82;127;84;127;85;130;87;134;85;135;82;134;81;134;79;133;76;131;75;128;80;129;81;130;83;130;86;133;83;131;81;130;80;129
60;95;59;104;59;112;59;121;60;129;63;137;67;143;72;149;77;152;83;152;87;148;90;143;92;137;94;130;95;123;97;116;98;110;67;85;71;82;76;81;80;83;83;88;89;91;92;90;95;92;98;95;99;100;85;96;85;101;85;107;85;112;79;116;81;118;83;120;85;120;86;120;72;92;74;90;77;92;79;96;76;96;73;95;88;101;91;99;93;101;94;104;93;104;90;103;74;128;77;126;81;125;82;127;84;127;86;130;87;134;85;135;82;134;81;134;79;132;76;130;75;128;80;129;81;129;83;130;86;133;83;131;81;130;80;129
61;95;60;104;59;112;59;121;61;129;63;137;67;144;72;149;78;152;83;152;87;148;90;143;92;137;94;130;95;123;97;116;97;109;68;84;72;80;76;80;80;82;83;87;89;90;92;90;95;91;97;94;98;99;85;96;85;101;85;106;85;111;79;115;81;118;83;119;85;119;86;119;72;92;74;90;77;91;79;96;76;95;73;94;88;101;91;99;93;100;94;104;93;104;90;103;74;127;77;126;81;125;82;126;84;126;85;130;87;134;85;134;82;134;81;133;79;132;76;130;75;128;80;129;81;129;83;130;85;133;83;130;81;129;80;129
62;95;61;104;59;113;59;121;61;130;63;137;67;144;72;149;78;152;83;152;87;149;90;144;92;137;94;130;95;123;96;116;97;110;68;84;72;79;76;79;80;81;83;85;89;89;92;88;95;90;98;94;98;99;85;95;85;100;85;105;85;111;79;115;81;117;83;119;85;119;86;118;72;91;74;90;77;91;79;96;76;95;73;94;88;100;91;99;93;100;94;104;93;104;90;102;74;127;77;125;81;125;82;126;84;126;85;129;87;134;85;134;82;134;81;133;79;132;76;130;75;127;80;128;81;129;83;129;86;132;83;130;81;129;80;129
