50;121;52;128;53;134;55;140;57;146;60;151;64;155;69;157;73;157;77;154;80;148;81;142;82;134;82;126;81;120;81;114;80;107;54;113;55;109;58;105;61;103;64;103;69;101;71;99;74;97;76;98;78;101;67;107;68;111;69;115;70;119;67;126;68;126;70;126;72;125;73;123;58;115;59;112;61;110;63;112;62;113;59;115;71;108;72;105;75;104;76;106;75;107;73;108;65;139;67;135;69;133;71;133;72;132;74;132;76;134;75;137;73;140;72;141;70;142;67;141;66;138;69;135;71;134;72;134;76;134;73;137;72;137;70;138
50;121;51;127;53;134;54;140;57;146;60;151;64;155;68;157;73;157;77;154;79;148;81;142;82;134;82;127;81;120;81;114;80;107;54;112;55;108;58;105;61;103;64;103;68;101;71;99;73;97;76;98;78;101;67;107;67;111;68;115;69;118;66;126;68;126;70;126;71;125;72;123;57;115;59;112;61;111;63;112;61;113;59;115;71;108;72;105;74;104;76;106;74;107;72;108;64;139;67;135;69;133;70;133;72;132;74;132;76;134;75;137;73;140;72;141;70;141;67;141;65;138;69;135;71;135;72;134;75;134;72;137;71;137;69;138
50;121;51;128;53;134;54;140;57;146;59;151;63;156;68;157;72;157;76;154;79;149;81;143;82;135;82;128;81;121;81;115;80;109;53;112;54;108;57;104;61;102;64;102;68;101;71;98;73;97;76;98;78;101;67;107;67;110;68;114;69;118;66;125;67;126;69;126;71;124;72;123;57;115;58;112;61;110;63;112;61;113;59;114;71;107;72;105;74;104;76;106;74;107;72;107;64;138;66;134;68;132;70;132;72;131;74;132;76;133;75;137;73;140;71;141;69;141;67;141;65;138;68;134;70;134;72;133;75;134;72;137;71;137;69;138
50;121;51;127;53;133;54;140;56;146;59;151;63;156;67;158;72;157;76;154;79;149;81;143;82;136;82;129;81;121;81;115;80;109;53;112;54;107;57;104;61;102;64;102;68;101;71;98;74;97;76;98;78;101;67;107;67;110;68;114;68;118;65;125;67;126;69;125;71;124;72;122;57;115;58;111;60;110;63;111;61;112;59;114;71;107;72;105;74;104;76;106;74;107;72;107;63;138;65;134;67;132;70;132;71;130;73;131;76;133;74;137;72;140;71;142;69;142;66;141;64;138;68;134;70;134;72;133;75;134;72;137;70;138;68;138
50;120;51;126;53;133;54;140;56;145;59;151;63;155;67;158;72;157;76;154;79;149;81;143;81;136;82;129;81;122;81;115;80;110;53;112;54;107;58;104;61;102;64;103;68;101;71;99;73;97;76;98;78;101;67;107;67;110;68;114;68;118;66;126;67;126;69;126;71;124;72;123;57;114;58;111;61;110;63;111;61;112;59;114;71;108;72;105;74;104;76;106;75;107;72;107;63;138;65;134;67;132;69;132;71;131;73;131;76;133;74;137;72;140;71;142;69;142;66;141;64;137;68;134;70;134;71;133;74;134;72;137;70;138;68;138
50;120;51;126;53;133;54;140;57;145;59;151;63;156;67;158;72;158;76;155;79;150;81;144;82;137;82;129;82;122;81;116;81;110;54;112;55;107;58;104;61;103;64;103;68;101;71;99;74;98;77;99;79;102;67;107;67;111;68;115;69;118;66;126;67;126;69;126;71;125;72;123;57;115;59;112;61;110;63;112;62;113;59;114;71;109;72;106;75;105;76;107;75;108;73;108;63;139;66;134;68;132;70;132;71;132;73;132;76;134;74;138;72;141;71;142;69;143;66;142;64;138;68;135;70;134;72;134;75;134;72;137;70;139;68;139
51;120;52;127;53;133;54;140;57;146;59;152;63;156;67;159;72;158;76;156;79;151;81;145;82;137;82;130;82;123;82;117;81;110;54;112;55;108;58;105;62;104;65;104;69;102;72;99;75;99;77;100;79;103;67;108;68;112;68;115;69;120;66;126;67;127;69;127;71;126;72;124;58;115;59;112;61;111;63;112;62;114;60;115;71;110;73;107;75;106;76;107;75;109;73;110;63;139;66;135;68;133;70;133;72;132;74;132;76;134;74;139;72;142;71;143;69;143;67;143;65;139;68;136;70;135;72;134;75;135;72;138;71;140;69;140
51;120;52;126;53;133;55;140;57;146;60;151;63;156;67;159;72;158;76;156;79;151;81;145;82;137;83;130;83;123;82;117;82;110;54;112;56;108;58;105;62;104;65;104;69;102;72;100;75;99;78;100;80;104;68;109;68;112;69;116;69;120;66;127;68;128;70;128;71;126;72;125;58;115;59;112;62;111;64;112;62;114;60;115;72;110;73;107;76;107;77;108;76;110;74;110;64;140;66;136;68;134;70;134;72;133;74;133;76;135;75;139;73;142;71;143;69;143;67;143;65;139;69;136;70;136;72;135;75;135;72;138;71;140;69;140
52;120;52;126;54;133;55;140;57;146;60;151;63;156;67;158;72;158;76;155;79;151;81;145;83;138;83;131;83;124;83;118;82;111;54;112;56;108;59;104;63;103;66;104;70;101;72;99;76;99;78;100;80;104;68;108;69;112;69;115;70;119;67;126;68;127;70;127;72;126;73;124;58;115;60;112;62;110;64;112;63;113;61;114;72;109;74;107;76;106;77;108;76;109;74;109;64;139;67;135;69;133;71;134;72;132;74;133;76;134;75;139;73;141;72;143;70;143;67;142;65;139;69;136;71;135;72;134;75;134;72;137;71;139;69;139
52;119;53;126;54;132;55;138;58;145;60;150;64;154;68;157;72;157;77;155;80;150;82;144;83;137;84;130;84;123;84;117;83;111;55;111;57;107;59;104;63;102;67;103;71;101;73;99;76;98;79;99;81;102;69;107;69;111;70;115;70;118;67;126;69;126;71;126;72;125;73;123;59;113;61;111;63;110;65;112;63;112;61;113;72;109;74;106;76;105;78;107;77;108;75;109;65;137;67;134;69;132;71;132;72;132;75;132;77;134;76;138;73;140;72;141;70;142;67;140;66;137;69;134;71;134;72;134;76;134;73;137;72;137;70;138
53;119;54;126;54;132;56;138;58;145;60;150;64;154;68;156;73;156;77;154;80;150;82;144;83;137;84;130;84;123;84;117;83;111;56;110;57;106;60;102;64;101;67;101;71;101;73;99;76;98;80;99;81;103;70;106;70;110;70;114;71;118;67;125;69;125;71;125;72;124;74;123;59;112;61;110;63;109;66;110;63;112;62;112;73;108;75;105;77;105;79;107;77;108;75;108;65;137;67;134;70;132;72;132;73;131;75;132;77;133;76;137;74;140;72;140;70;140;68;140;66;137;70;134;72;134;73;133;76;134;73;136;72;137;70;137
53;118;54;124;55;131;56;137;58;144;61;149;64;154;68;156;73;156;77;154;81;150;83;144;84;137;85;130;85;123;84;118;84;111;56;110;58;105;61;102;64;101;68;101;72;101;74;99;77;98;80;99;82;104;70;106;71;110;71;114;71;118;68;125;70;125;72;126;73;124;75;123;60;112;62;110;64;109;66;110;64;112;62;112;74;108;76;106;78;105;79;107;78;108;76;108;65;137;67;133;70;132;72;132;73;131;76;132;78;133;76;137;74;139;72;140;71;140;68;140;66;136;70;134;72;134;74;133;77;134;74;136;72;137;71;137
54;118;54;124;55;130;57;137;58;143;61;149;65;154;69;156;74;156;78;154;81;149;83;143;85;137;85;130;85;123;85;117;84;111;57;110;59;105;62;102;65;101;69;102;72;101;75;99;78;98;81;99;82;104;71;107;71;110;72;114;72;118;68;125;71;126;72;126;74;124;75;123;61;112;63;110;65;109;67;110;65;112;63;112;74;108;76;106;78;105;80;107;78;108;76;108;66;137;68;133;71;132;72;132;74;131;76;132;78;134;77;137;75;140;73;140;72;140;69;140;67;137;71;134;72;134;74;133;77;134;75;136;73;137;71;137
54;118;55;124;56;131;58;137;59;144;62;150;66;154;70;157;74;157;78;154;81;150;83;144;85;137;85;130;85;123;85;117;85;111;58;110;59;106;63;103;66;101;69;102;73;101;76;99;79;99;81;100;83;104;72;107;72;111;72;115;73;118;69;126;71;126;73;126;75;125;76;124;62;112;63;110;65;110;67;111;66;112;63;112;75;109;77;107;79;106;81;108;79;109;77;109;67;137;69;134;72;132;73;132;75;132;77;132;79;134;77;138;76;140;74;141;72;141;70;140;68;137;72;134;73;134;75;134;78;134;75;137;74;137;72;137
54;118;55;124;56;131;58;137;59;144;62;150;66;154;70;157;75;158;79;155;82;151;85;145;86;138;86;131;86;124;86;118;85;112;58;111;60;106;63;104;67;102;70;103;74;102;76;100;79;99;82;101;84;104;72;107;72;111;73;115;73;120;70;126;72;126;73;126;75;126;76;124;62;112;63;110;66;110;68;111;66;112;64;112;76;110;77;107;80;106;81;108;80;109;78;110;67;137;69;134;72;132;74;133;75;132;77;132;80;134;78;138;76;140;74;141;72;142;70;140;68;137;72;135;74;135;76;134;79;134;76;137;74;138;72;138
55;118;55;124;57;131;58;137;60;144;63;150;66;154;71;157;76;157;80;155;82;151;85;145;86;138;86;131;86;124;86;118;86;112;58;110;60;106;63;103;67;101;70;103;74;101;77;99;80;99;83;101;84;104;72;107;73;111;73;115;74;119;70;126;72;126;74;126;76;126;77;124;62;112;64;110;66;109;68;111;66;112;64;112;76;110;78;107;80;106;81;108;80;109;78;110;67;137;70;134;72;132;74;133;76;132;78;132;80;134;78;138;76;140;75;141;73;142;70;140;68;137;72;135;74;135;76;134;79;134;76;137;74;138;72;138
55;117;56;123;57;130;58;137;60;144;63;150;66;154;71;157;76;157;80;154;83;150;85;144;86;137;86;130;86;123;86;117;86;111;58;110;60;105;63;102;67;101;70;102;75;101;77;99;80;99;83;100;85;104;73;107;73;110;73;115;74;118;70;125;72;126;74;126;76;125;77;123;63;112;64;109;66;109;68;110;67;111;64;112;76;109;78;106;80;106;81;108;80;109;78;109;67;137;70;134;72;132;74;132;76;131;78;132;80;134;78;137;76;140;75;140;73;140;70;140;68;137;72;134;74;134;76;134;79;134;76;136;74;137;73;137
55;116;56;123;57;130;58;137;59;143;63;149;66;154;71;156;76;156;80;154;83;149;85;144;86;137;87;130;87;123;86;118;86;112;59;109;61;104;64;102;67;101;70;102;75;101;77;99;80;99;83;100;85;104;73;107;73;110;73;114;74;118;70;124;72;125;74;126;76;124;77;123;63;112;64;109;67;108;69;110;67;111;64;112;76;108;78;106;80;105;82;107;80;108;78;108;67;136;70;133;72;131;74;132;76;130;78;131;80;133;79;137;76;139;75;140;73;140;70;139;68;136;72;134;74;134;76;133;79;133;76;135;75;136;73;137
55;116;56;123;57;130;58;137;60;143;63;149;66;154;71;156;76;156;80;154;83;149;85;143;86;137;87;130;87;123;86;117;86;111;59;109;61;104;64;102;67;101;71;101;75;101;77;99;80;99;83;100;85;104;73;107;73;110;74;114;74;118;70;124;72;125;74;125;76;124;77;123;63;112;64;109;67;108;69;110;67;111;64;112;76;108;78;106;80;105;82;107;81;108;78;108;67;136;70;133;72;131;74;132;76;130;78;131;80;133;79;136;76;138;75;139;73;140;70;139;68;136;72;134;74;133;76;133;79;133;76;135;75;136;73;136
55;116;56;123;57;130;58;137;60;143;63;149;66;154;71;156;76;156;80;154;83;149;85;144;86;137;87;130;87;123;87;118;86;112;59;110;61;105;64;102;67;101;71;102;75;101;77;99;81;99;83;101;85;104;73;107;73;111;74;115;74;118;70;125;72;126;74;126;76;125;77;123;63;112;64;109;67;108;69;110;67;111;64;112;76;109;78;106;80;106;82;108;81;109;78;109;67;137;70;133;72;132;74;132;76;131;78;132;80;133;79;137;76;139;75;140;73;140;70;140;68;136;72;134;74;134;76;133;79;134;76;136;75;137;73;137
55;117;56;123;57;130;58;137;60;144;63;150;66;154;71;157;76;157;80;155;83;150;85;144;86;137;86;130;86;123;86;118;86;112;59;110;61;105;64;103;67;101;71;103;75;101;77;100;81;99;83;101;85;105;73;107;73;112;74;115;74;120;71;126;72;126;74;126;76;126;77;124;63;112;64;110;67;109;69;111;67;112;65;112;76;110;78;107;80;107;82;109;81;110;78;110;67;137;70;134;72;132;74;133;76;132;78;132;80;134;79;137;77;140;75;140;73;140;71;140;69;137;73;134;75;134;76;134;79;134;76;137;75;137;73;137
55;116;55;123;57;130;58;137;60;144;63;151;66;155;71;158;76;159;80;156;83;150;86;144;87;137;88;130;88;123;88;117;87;111;58;110;61;106;63;104;67;103;71;104;75;103;77;101;80;100;83;101;85;104;73;108;73;112;74;116;74;121;70;126;72;127;74;128;76;126;77;125;62;113;64;110;66;110;68;112;67;112;64;113;76;110;78;107;81;107;82;109;81;110;79;110;67;138;70;135;72;134;74;134;76;133;78;133;81;134;79;139;76;140;75;141;73;142;70;141;68;138;72;136;74;136;76;135;79;135;76;137;74;138;72;138
55;116;55;123;56;131;58;137;59;145;62;151;66;156;71;159;76;159;80;156;84;150;86;144;87;137;88;130;88;123;87;117;86;111;58;111;60;107;63;104;67;103;71;104;74;103;77;101;80;100;83;101;85;104;73;108;73;112;74;116;74;121;70;126;72;127;74;128;76;126;77;125;63;113;64;110;66;110;68;112;67;112;64;113;76;110;78;107;80;107;82;109;81;110;78;110;67;138;70;135;72;134;74;134;76;133;78;134;80;135;78;139;76;140;75;141;73;142;70;141;68;138;72;136;74;136;76;135;79;135;76;137;74;138;72;138
55;117;56;123;57;130;58;137;59;144;63;150;66;154;71;157;76;157;80;155;83;150;85;145;86;137;87;131;87;124;86;118;86;112;58;110;60;106;63;103;67;102;71;103;74;102;77;100;80;100;83;101;85;105;73;108;73;112;74;115;74;120;70;126;72;127;74;127;76;126;77;125;63;112;64;110;66;110;68;112;67;112;64;113;76;110;78;107;80;107;82;109;81;110;78;110;67;137;70;134;72;133;74;133;76;132;78;133;80;134;79;138;76;140;75;141;73;141;70;140;68;137;73;135;74;135;76;134;79;134;76;137;75;137;73;137
55;116;55;123;57;130;58;137;59;143;62;149;66;154;70;157;75;157;79;155;83;151;85;145;86;137;87;130;87;123;87;118;86;111;58;110;61;106;63;103;67;102;70;103;75;102;77;100;80;99;83;101;85;104;73;107;73;112;73;115;74;119;70;126;72;126;74;126;76;126;77;124;63;112;64;110;67;110;68;111;67;112;64;112;76;110;78;107;80;107;82;109;81;110;78;110;67;137;70;134;72;132;74;133;76;132;78;133;80;134;78;138;76;140;75;141;73;141;70;140;68;137;72;135;74;135;76;134;79;134;76;137;74;137;72;137
55;116;55;123;56;129;58;137;59;143;62;149;66;154;70;157;75;157;80;155;83;150;85;144;86;137;86;130;86;123;86;118;86;111;58;110;60;105;63;103;67;102;70;103;74;102;77;100;80;99;83;101;84;105;73;107;73;112;73;115;74;119;70;126;72;126;74;126;76;126;77;124;63;112;64;110;66;109;68;111;67;112;64;112;76;110;78;107;80;107;82;109;80;109;78;110;67;137;70;134;72;133;74;133;76;132;78;133;80;134;78;138;76;140;75;140;73;140;70;140;68;137;72;135;74;135;76;134;79;134;76;137;74;137;72;137
55;117;56;123;57;130;58;137;59;143;62;149;66;154;70;157;75;157;80;155;83;150;85;144;86;137;87;130;87;123;87;118;86;112;58;110;60;106;63;103;67;102;70;103;74;102;77;100;80;100;83;101;85;105;72;107;73;112;73;115;74;120;70;126;72;126;74;127;76;126;77;124;62;112;64;110;66;110;68;111;67;112;64;112;76;110;78;107;80;107;82;109;81;110;78;110;67;137;70;134;72;133;74;133;76;132;78;133;80;134;78;138;76;140;75;141;72;141;70;140;68;137;72;135;74;135;76;134;79;135;76;137;74;137;72;137
55;116;55;123;56;130;58;137;59;145;62;151;66;155;70;158;75;158;80;156;83;150;86;145;88;138;88;131;88;124;88;118;87;112;58;110;60;106;63;104;67;103;70;104;74;103;77;101;80;100;83;101;85;105;73;108;73;112;73;116;74;121;70;126;72;127;74;128;76;126;77;125;63;113;64;110;66;110;68;112;67;112;64;113;76;110;78;107;80;107;82;109;80;110;78;110;67;138;70;135;72;134;74;134;76;133;77;134;80;135;78;139;76;140;74;141;72;141;70;141;68;138;72;136;74;136;76;135;79;135;76;137;74;138;72;138
55;117;55;124;56;131;58;138;59;145;62;151;66;156;70;159;75;159;80;156;83;151;85;145;87;138;87;131;87;123;87;118;86;111;58;111;60;107;63;104;67;103;70;104;74;103;76;101;80;100;82;101;84;105;72;108;73;112;73;116;73;121;70;127;72;128;74;128;75;127;77;126;62;113;64;111;66;110;68;112;67;113;64;113;76;110;78;107;80;107;81;110;80;110;78;110;67;138;69;136;72;134;74;134;75;133;77;134;80;135;78;139;76;140;74;142;72;142;70;141;68;138;72;136;74;136;76;135;79;135;76;137;74;138;72;138
54;116;55;123;56;130;58;137;59;144;62;151;66;156;70;159;75;159;80;156;83;151;86;144;88;137;88;130;88;123;88;117;87;111;58;111;60;107;63;104;67;103;70;104;74;103;77;101;80;100;83;101;84;104;72;108;73;112;73;117;73;121;70;127;72;128;73;129;75;127;76;126;62;113;64;110;66;110;68;112;67;112;64;113;76;110;78;107;80;107;81;109;80;110;78;110;67;138;69;136;72;134;73;134;75;134;77;134;80;135;78;139;76;140;74;141;72;142;70;141;68;138;72;137;73;136;75;136;79;135;76;137;74;138;72;138
55;116;55;123;56;130;58;137;59;144;62;150;66;155;70;158;75;158;79;156;82;151;85;145;86;138;86;132;87;124;86;118;86;112;58;110;60;106;63;104;67;103;70;104;74;103;77;101;80;100;83;101;84;105;72;108;73;112;73;116;73;121;70;126;72;127;73;128;75;126;76;126;62;112;64;110;66;110;68;112;67;112;64;113;76;110;78;107;80;107;81;109;80;110;78;110;67;138;70;135;72;134;73;134;75;133;77;134;80;135;78;139;76;140;74;141;72;141;70;140;68;137;72;136;74;136;75;135;78;135;76;137;74;138;72;138
55;116;55;123;56;130;58;137;59;143;62;149;65;154;69;157;74;157;79;155;82;151;85;145;86;138;86;131;86;124;86;118;86;112;58;110;60;105;63;103;67;102;70;104;74;102;77;101;80;100;83;101;84;105;72;108;73;112;73;116;73;120;70;126;72;127;73;127;75;126;76;125;62;112;64;110;66;110;68;111;66;112;64;112;76;110;78;107;80;107;81;109;80;110;78;110;67;137;69;135;72;133;73;134;75;133;77;134;80;135;78;138;76;140;74;141;72;141;70;140;68;137;72;136;74;136;75;135;79;135;76;137;74;137;72;137
55;116;56;123;56;129;58;136;59;143;62;148;65;154;69;156;74;157;79;155;82;151;85;145;86;138;86;131;87;124;86;118;86;112;58;110;60;105;63;103;67;102;70;103;74;102;77;100;80;100;83;101;84;105;72;108;73;112;73;115;73;120;70;126;72;126;73;127;75;126;76;125;62;112;64;110;66;110;68;111;67;112;64;112;76;110;78;107;80;107;81;109;80;110;78;110;67;137;69;134;72;133;73;134;75;132;77;134;80;135;77;138;76;140;74;140;72;141;70;140;68;137;72;136;73;135;75;135;78;135;75;137;74;137;72;137
55;116;56;123;57;129;58;137;59;143;62;149;65;154;69;157;74;157;79;155;82;151;85;145;86;139;86;132;86;125;86;118;86;112;58;110;60;105;63;103;67;102;70;103;74;102;77;101;80;100;83;101;84;105;72;108;72;112;73;116;73;120;70;126;72;127;73;127;75;126;76;125;62;112;64;110;66;110;68;111;66;112;64;112;76;110;78;107;80;107;81;109;80;110;78;110;67;137;69;134;72;133;73;134;75;133;77;134;79;135;77;139;76;140;74;141;72;141;69;140;68;137;72;136;73;136;75;135;78;135;75;137;73;137;72;137
55;116;56;123;57;130;58;137;59;144;62;150;65;155;69;158;74;159;79;156;83;151;85;145;87;139;88;132;88;125;88;119;88;112;58;110;60;106;63;103;67;102;70;104;74;103;77;101;80;100;83;101;85;105;72;108;73;112;73;116;73;121;70;126;72;127;73;128;75;127;76;126;62;112;64;110;66;110;68;112;67;112;64;112;76;110;78;108;80;108;82;110;80;110;78;110;67;138;69;135;72;134;73;134;75;134;77;134;80;135;78;140;76;141;74;142;72;142;69;141;68;138;72;136;73;136;75;136;79;136;75;138;73;139;72;139
