79;122;79;129;79;137;79;144;80;151;82;157;85;162;89;166;93;167;97;167;101;165;103;160;105;154;106;148;107;141;108;134;108;129;84;114;86;111;89;112;91;113;94;117;99;118;101;117;103;117;105;118;107;121;96;123;96;127;95;132;95;135;92;140;94;142;95;143;96;143;98;142;86;121;88;120;90;121;92;124;90;124;88;123;99;126;101;124;103;124;104;126;103;128;101;127;88;150;91;148;93;148;94;148;96;148;98;150;99;152;98;154;96;154;94;154;93;154;91;153;90;150;93;151;94;151;96;151;99;152;96;151;94;151;93;151
79;123;79;130;79;137;79;145;80;151;82;158;85;162;89;166;94;168;98;167;101;165;103;160;105;154;106;148;107;141;108;134;108;129;84;115;86;112;89;112;92;114;94;117;98;119;101;118;103;117;106;118;107;122;96;123;96;128;96;132;96;136;92;141;94;143;95;143;97;143;98;142;87;122;89;121;90;121;92;124;90;124;88;123;99;126;101;125;103;125;104;127;103;128;101;128;88;151;91;149;94;148;95;149;96;148;98;150;99;152;98;154;96;154;94;154;93;154;91;153;90;151;94;151;95;151;96;151;99;152;96;151;95;151;93;151
79;123;79;130;79;137;79;145;80;152;82;158;85;163;89;167;94;168;98;168;101;165;103;160;105;155;106;148;107;143;108;136;108;130;84;115;86;112;89;112;92;115;94;118;99;119;101;118;103;118;106;118;107;122;96;123;96;128;95;132;95;137;92;141;94;143;95;143;96;143;98;143;86;122;89;121;90;122;92;125;90;125;88;124;99;127;101;126;103;126;104;128;103;129;101;128;88;151;91;149;93;148;95;149;96;149;98;151;100;153;98;154;96;155;94;154;93;154;91;153;89;151;93;151;94;151;96;151;99;152;96;152;94;152;93;151
79;123;79;131;79;138;79;145;81;152;82;159;85;164;90;167;94;169;98;169;101;166;104;161;105;155;106;148;107;143;108;136;108;130;84;116;86;113;89;113;92;115;94;118;99;120;101;118;103;118;106;119;107;123;96;124;96;129;96;133;96;137;92;142;94;143;95;144;97;143;98;143;87;123;89;122;91;123;92;126;90;126;88;125;99;128;101;126;103;126;104;128;103;129;101;129;88;151;91;150;94;149;95;150;96;150;98;151;100;154;98;155;96;155;94;155;93;154;91;154;90;151;94;151;95;152;96;152;99;153;96;152;94;152;93;151
79;123;79;130;79;137;79;145;80;152;82;159;85;164;89;167;94;170;98;169;102;166;104;161;106;155;107;148;107;142;108;136;108;129;84;116;86;113;89;114;92;115;94;118;99;121;101;119;104;118;106;120;107;123;96;125;96;129;96;133;96;137;92;142;94;143;95;144;97;144;98;143;87;123;89;122;91;123;92;126;90;126;88;125;99;128;101;126;103;126;104;129;103;129;101;129;89;151;91;150;94;149;95;151;96;150;98;151;100;154;98;156;96;156;94;156;93;155;91;154;90;152;94;152;95;152;96;153;99;154;96;153;95;153;94;152
80;123;79;130;79;137;79;145;80;152;82;158;85;163;89;167;94;169;98;169;101;166;104;161;106;155;107;148;108;142;108;135;108;129;84;116;86;113;89;114;92;116;94;119;99;121;101;119;103;118;106;120;107;123;96;125;96;129;96;133;96;137;92;142;94;143;95;144;97;144;98;143;87;123;89;122;91;123;92;126;90;126;88;126;99;129;101;126;103;126;104;129;103;130;101;129;89;151;91;150;94;150;95;151;96;150;98;151;100;154;98;156;96;156;94;156;93;155;91;154;90;151;94;152;95;153;96;153;99;154;96;153;94;153;93;152
79;123;79;130;79;138;79;145;80;152;83;159;85;164;90;167;94;169;98;169;101;165;104;161;106;155;107;148;108;142;108;136;108;130;84;116;86;114;89;114;92;115;94;118;99;120;101;119;104;118;106;119;107;123;96;125;96;129;96;133;96;137;93;142;94;143;95;144;97;144;98;143;87;123;89;123;91;123;92;126;90;126;89;126;99;128;102;126;103;126;104;129;103;129;101;129;89;151;91;150;94;149;95;150;96;150;98;151;100;154;98;155;96;156;94;156;93;155;91;154;90;151;94;152;95;152;96;152;99;153;96;153;95;153;94;152
79;123;79;131;79;138;79;145;80;152;82;159;85;164;90;167;94;169;98;169;102;165;104;161;106;154;107;148;108;142;108;135;108;129;84;116;86;113;89;114;92;115;94;118;99;120;101;118;104;118;106;119;107;123;96;124;96;129;96;133;96;137;92;142;94;143;95;144;97;143;98;143;87;123;89;122;91;123;92;126;90;126;88;125;99;128;101;126;103;126;104;128;103;129;101;129;89;151;92;150;94;149;95;150;96;150;98;151;100;154;98;155;96;155;95;155;93;155;91;154;90;151;94;151;95;152;96;152;99;153;96;153;95;153;94;152
79;122;79;129;79;137;79;145;80;152;83;159;86;163;90;167;94;169;98;169;102;165;104;161;106;155;107;148;108;142;109;135;109;129;84;116;86;114;89;114;92;115;94;118;99;120;101;118;104;118;106;119;108;123;96;124;96;129;96;133;96;137;92;142;94;143;95;144;97;143;98;143;87;123;89;122;91;123;92;126;90;126;88;125;99;128;102;126;103;126;105;128;103;129;101;129;89;151;91;150;94;149;95;150;96;150;98;151;100;154;98;155;96;155;95;155;93;155;91;154;90;151;94;151;95;152;96;152;99;153;96;153;95;153;94;152
79;122;79;129;79;137;79;145;81;152;83;159;86;164;90;167;94;170;98;169;102;165;105;161;107;156;108;149;109;143;110;136;111;130;84;116;86;113;89;114;92;115;94;118;99;120;102;119;104;118;107;120;108;123;96;124;96;129;96;133;96;137;92;142;94;143;95;144;97;143;98;143;87;123;89;122;91;123;92;126;90;126;89;125;100;128;102;126;103;126;105;129;103;129;102;129;89;151;91;150;94;149;95;150;96;150;98;151;100;154;98;155;96;156;94;156;93;155;91;154;90;151;94;151;95;152;96;152;99;153;96;153;94;153;94;152
79;123;79;130;79;137;79;145;80;151;82;158;85;163;90;167;94;170;98;169;102;165;105;161;107;156;108;149;109;143;110;137;111;130;84;116;86;114;89;114;92;116;94;119;99;121;102;119;104;119;107;120;108;123;96;125;96;129;96;133;96;137;92;142;94;143;95;144;97;144;98;143;87;123;89;122;91;123;92;126;90;126;89;125;100;128;102;126;103;126;105;129;103;129;102;129;89;151;91;150;94;149;95;151;96;150;98;151;100;154;98;155;96;156;94;155;93;155;91;154;90;151;94;152;95;152;96;152;99;153;96;153;94;153;94;152
79;123;79;131;79;137;79;145;80;152;82;159;85;164;90;167;94;169;98;169;101;165;104;161;106;155;107;148;108;142;108;136;108;130;84;116;86;114;89;114;92;116;94;118;99;121;101;119;104;118;106;120;108;123;96;125;96;129;96;134;96;137;92;142;94;143;95;144;97;144;98;143;87;123;89;123;91;123;92;126;90;126;88;125;99;128;101;126;103;126;104;129;103;129;101;129;89;152;92;151;94;150;95;151;97;151;98;152;100;154;98;156;96;156;94;156;93;155;91;154;90;152;94;152;95;153;96;153;99;154;96;153;95;153;94;153
79;123;79;130;79;137;79;145;81;151;83;159;86;164;90;167;94;169;98;169;102;165;104;161;107;156;108;149;109;143;110;137;110;131;84;116;86;114;89;114;92;116;94;119;99;121;102;119;104;119;107;121;108;123;96;125;96;129;96;133;96;137;92;142;94;143;95;144;97;144;98;143;87;123;89;122;91;123;92;126;90;126;89;126;100;129;102;126;103;127;105;129;103;130;101;129;89;152;92;150;94;150;95;151;96;150;98;152;100;154;98;156;96;156;94;156;93;155;91;154;90;152;94;152;95;152;96;153;99;154;96;153;95;153;94;152
79;123;79;129;79;137;79;145;80;151;82;158;85;163;90;167;94;170;98;169;102;165;105;161;107;156;108;149;109;143;110;137;111;130;84;116;86;114;89;114;92;116;94;118;99;121;102;119;104;119;107;120;108;123;96;125;96;129;96;133;96;137;93;142;94;143;95;144;97;144;98;143;87;123;89;122;91;123;92;126;90;126;88;125;100;129;102;126;103;127;105;129;103;130;102;129;89;152;92;151;94;150;95;151;96;151;98;152;100;154;98;155;96;156;94;156;93;155;91;154;90;152;94;152;95;153;96;153;99;154;96;153;95;153;94;152
79;122;78;129;78;137;79;144;80;151;82;158;85;163;89;167;94;170;98;169;101;166;104;162;106;156;108;150;109;143;110;137;110;130;84;116;86;114;89;114;92;116;94;119;99;121;102;119;104;119;107;121;108;123;96;125;96;129;96;134;96;137;92;143;94;143;95;145;97;144;98;143;87;123;89;122;90;123;92;126;90;126;88;125;100;129;102;126;103;127;105;129;103;130;102;129;89;152;91;151;94;150;95;151;96;151;98;152;100;154;98;156;96;156;94;156;93;156;91;154;90;152;94;152;95;153;96;153;99;154;96;153;94;153;94;153
79;123;79;130;79;137;79;145;80;152;82;159;85;164;89;168;93;170;98;170;101;167;104;162;106;155;107;148;108;142;108;136;108;129;84;117;86;114;89;114;92;116;94;119;99;121;101;120;104;119;106;121;108;124;96;126;96;130;96;134;96;138;92;143;94;144;95;145;97;145;98;144;87;123;89;123;90;123;92;126;90;126;88;126;99;129;102;127;103;127;104;129;103;130;101;130;89;152;91;151;94;151;95;151;97;151;98;152;100;154;98;156;96;156;94;156;93;156;91;155;90;152;94;153;95;153;96;154;99;154;96;154;95;154;94;153
79;123;79;131;78;138;79;145;80;153;82;159;85;165;89;168;93;170;98;170;101;167;104;162;105;156;107;149;108;143;108;136;108;130;84;117;86;115;89;115;92;117;94;119;99;121;101;120;104;120;106;121;107;124;96;126;96;130;96;134;96;139;92;143;94;145;95;145;97;145;98;144;86;124;89;123;90;124;92;126;90;126;88;126;99;129;101;127;103;127;104;129;103;130;101;130;88;152;91;151;94;151;95;151;96;151;98;153;100;154;98;156;96;156;94;156;93;156;91;155;89;153;93;153;94;154;96;154;99;154;96;154;94;154;93;153
80;123;79;131;79;137;79;145;80;152;82;159;85;164;89;168;93;170;98;170;101;167;104;162;106;156;107;149;108;143;108;137;108;130;84;118;86;115;89;115;92;117;94;120;99;121;101;120;104;120;106;121;107;125;96;126;96;130;96;134;96;139;92;143;94;144;95;145;97;145;98;144;87;124;89;123;90;123;92;126;90;126;88;126;99;129;101;127;103;128;104;129;103;130;101;130;89;152;91;151;94;151;95;151;96;151;98;153;99;154;98;156;96;156;94;156;93;156;91;155;90;152;93;153;95;154;96;154;99;154;96;154;95;154;93;153
79;123;79;130;79;137;79;145;80;152;82;159;85;164;89;168;94;170;98;170;101;166;104;161;106;155;107;148;108;142;108;136;108;129;84;117;86;115;89;115;92;117;94;119;99;121;101;120;104;120;106;121;107;124;96;126;96;130;96;134;96;139;92;143;94;144;95;145;97;145;98;144;87;124;89;123;90;124;92;126;90;126;88;126;99;129;101;127;103;127;104;129;103;130;101;130;88;152;91;151;94;151;95;151;96;151;98;153;99;154;98;156;96;156;94;156;93;156;91;155;89;152;93;153;94;154;96;154;99;154;96;154;94;154;93;153
79;123;79;131;79;138;79;145;80;152;82;159;85;164;89;168;93;170;98;170;101;167;103;162;105;156;107;149;107;143;108;137;108;131;84;117;86;115;89;115;92;117;94;120;99;121;101;120;104;120;106;121;107;124;96;126;96;130;96;134;95;139;92;143;94;144;95;145;97;145;98;144;87;124;89;123;91;124;92;126;90;126;88;126;99;129;101;127;103;127;104;129;103;130;101;130;88;152;91;151;94;151;95;151;96;151;98;153;100;154;98;156;96;156;94;156;93;156;91;155;89;153;93;153;94;154;96;154;99;154;96;154;94;154;93;154
79;123;79;131;79;138;79;145;80;153;82;159;85;165;89;168;94;170;98;170;101;166;104;162;105;155;107;149;107;143;108;136;108;130;84;118;86;115;89;115;92;117;94;119;99;121;101;120;104;120;106;121;107;124;96;126;96;130;96;134;96;139;92;143;94;144;95;145;97;145;98;144;87;124;89;123;91;124;92;126;90;126;88;126;99;129;101;127;103;127;104;129;103;130;101;130;88;152;91;151;94;151;95;151;96;151;98;153;100;154;98;156;96;156;94;156;93;156;91;155;89;152;93;153;94;154;96;154;99;154;96;154;94;154;93;154
79;123;79;131;79;138;79;146;80;154;82;160;85;165;89;169;93;171;97;170;101;167;103;162;105;156;107;149;107;143;108;136;108;130;84;118;86;115;89;115;92;117;94;120;99;122;101;121;104;120;106;121;107;124;96;126;96;131;96;135;96;140;92;143;94;145;95;145;97;145;98;145;87;124;89;123;90;124;92;127;90;127;88;126;99;129;101;128;103;128;104;129;103;131;101;130;88;153;91;151;93;151;95;152;96;151;98;153;100;155;98;156;96;157;94;157;93;156;90;156;89;153;93;154;94;154;96;154;99;154;96;154;94;154;93;154
79;123;79;130;78;138;79;145;80;153;82;159;85;165;89;169;93;171;98;170;101;167;104;162;106;156;107;149;107;143;108;137;108;130;84;117;86;115;89;115;92;117;94;120;99;122;101;121;104;121;106;121;107;125;96;127;96;131;96;135;96;140;92;143;94;145;95;146;97;145;98;145;87;124;89;123;91;124;92;127;90;127;88;126;99;129;101;128;103;128;104;130;103;131;101;131;88;153;91;152;93;151;94;152;96;152;98;154;100;155;98;157;96;157;94;157;93;156;90;156;89;153;93;154;94;154;96;154;99;155;96;154;94;154;93;154
79;123;79;130;78;138;79;145;80;153;82;159;85;165;89;169;93;171;98;170;101;167;104;162;106;156;107;149;107;143;108;137;108;130;84;117;86;115;89;115;92;117;94;120;99;122;101;121;104;121;106;121;107;125;96;127;96;131;96;135;96;140;92;143;94;145;95;146;97;145;98;145;87;124;89;123;91;124;92;127;90;127;88;126;99;129;101;128;103;128;104;130;103;131;101;131;88;153;91;152;93;151;94;152;96;152;98;154;100;155;98;157;96;157;94;157;93;156;90;156;89;153;93;154;94;154;96;154;99;155;96;154;94;154;93;154
79;123;79;131;78;138;79;145;80;153;82;159;85;165;89;169;93;171;98;170;101;167;104;162;105;156;107;149;108;143;108;137;108;130;84;118;86;115;89;115;92;117;94;121;99;122;101;121;104;121;106;121;107;125;96;126;96;131;96;135;96;140;92;143;94;145;95;146;97;146;98;145;87;124;89;123;90;124;92;127;90;127;88;126;99;129;101;128;103;128;104;130;103;131;101;131;88;153;91;151;93;151;95;152;96;152;98;154;100;155;98;157;96;157;94;157;93;156;90;155;89;153;93;154;94;154;96;154;99;155;96;154;94;154;93;154
79;123;79;130;79;138;79;145;80;153;82;159;85;165;89;169;93;171;98;170;101;167;104;162;105;156;107;149;108;143;108;136;108;130;84;118;86;115;89;115;92;117;94;120;99;121;101;121;104;120;106;121;107;125;96;126;96;131;96;135;96;140;92;143;93;145;95;145;97;145;98;145;87;124;89;123;90;124;92;126;90;127;88;126;99;129;101;128;103;128;104;130;103;131;101;130;88;152;91;151;93;151;94;152;96;151;98;153;99;155;98;156;96;157;94;157;92;156;90;155;89;153;93;154;94;154;96;154;99;155;96;154;94;154;93;154
