57;113;57;120;57;127;58;134;60;140;64;145;68;149;72;152;77;153;81;152;83;148;85;143;86;137;87;132;87;126;87;121;87;116;64;102;67;99;69;98;72;99;75;101;79;102;81;101;83;102;85;104;85;107;77;109;77;113;78;117;78;121;74;126;76;126;77;127;79;127;80;126;67;108;69;107;71;107;72;110;70;110;68;109;80;112;81;110;82;110;84;112;82;112;81;112;71;135;74;132;76;131;78;132;79;132;81;133;82;137;81;139;79;140;78;140;76;140;74;137;72;135;76;134;78;134;79;134;81;136;79;136;78;136;76;135
56;112;56;121;56;129;57;136;59;143;62;149;67;154;71;156;76;158;80;156;83;153;85;147;86;141;87;134;87;129;87;122;87;117;64;104;67;101;70;100;73;101;76;104;79;105;81;104;83;104;85;107;86;110;77;111;78;115;78;120;79;124;74;129;76;130;78;131;79;130;81;129;67;110;69;109;71;110;72;112;71;112;69;111;80;114;81;112;83;112;84;115;83;115;81;115;71;138;74;136;76;134;78;135;79;135;81;137;81;140;81;143;79;143;77;144;76;143;73;142;72;138;76;137;78;138;79;138;81;140;79;140;78;140;76;140
57;115;57;123;57;131;58;138;59;145;63;151;67;156;72;160;76;162;81;161;83;156;86;151;87;144;89;137;90;129;90;123;89;116;65;107;67;104;70;103;73;104;76;107;79;109;81;107;84;107;86;107;88;110;77;113;78;118;78;123;78;129;74;132;76;134;78;135;80;134;81;132;67;113;69;112;71;112;73;115;71;115;69;114;81;115;82;113;84;113;85;115;84;116;82;116;71;142;73;140;76;139;78;140;79;139;81;140;82;143;81;145;79;148;77;148;76;148;73;145;72;142;76;141;78;142;79;142;81;143;79;144;78;144;76;144
56;117;56;125;56;133;57;140;59;148;63;154;67;159;72;162;76;163;81;162;84;158;85;152;87;145;88;138;89;132;89;125;88;119;64;109;67;106;70;104;73;105;76;108;79;110;81;108;84;109;86;110;87;114;77;115;78;121;78;125;79;130;74;134;76;135;78;137;79;136;81;134;67;114;69;112;71;113;72;116;71;116;69;115;81;118;82;116;84;116;85;118;84;118;82;118;71;143;73;141;76;140;78;141;80;140;81;142;82;145;81;148;79;149;78;149;76;148;73;147;72;143;76;143;78;143;79;143;81;145;80;145;78;145;76;145
56;118;56;126;56;134;57;142;59;148;63;154;67;159;72;162;76;163;80;162;83;157;85;151;86;145;87;138;88;132;88;126;88;120;64;109;66;105;69;104;73;104;76;108;79;110;81;108;84;108;85;110;86;114;77;115;77;120;78;125;78;130;74;134;75;135;77;136;79;135;80;134;67;114;68;112;70;113;72;116;70;115;68;115;80;118;81;116;83;116;85;118;83;118;81;118;70;143;73;141;76;140;77;140;79;140;81;141;81;145;80;147;79;148;77;148;76;148;73;146;72;143;76;143;77;143;79;143;81;144;79;144;77;145;76;144
55;116;55;124;56;132;57;140;59;147;62;152;66;157;71;161;75;162;79;160;82;156;84;151;86;144;87;137;88;131;88;125;87;119;63;108;65;104;68;103;72;104;74;107;78;108;80;107;82;107;85;109;85;112;76;115;76;119;77;123;77;129;73;132;75;134;76;134;78;134;79;133;66;113;67;112;69;112;71;115;69;115;67;115;79;117;81;115;82;115;83;117;82;117;81;117;70;143;72;140;75;138;76;139;78;139;80;140;81;143;79;146;78;148;76;148;74;147;72;145;71;143;75;142;76;142;78;142;80;143;78;143;76;143;75;143
55;116;55;123;55;132;56;139;58;145;61;152;65;156;70;160;75;161;79;159;82;155;84;149;85;143;86;136;87;130;87;123;86;118;62;107;64;104;67;102;71;103;73;106;77;107;79;106;81;106;84;108;85;111;75;113;76;118;76;122;76;127;72;132;74;132;76;134;77;133;79;132;65;112;67;111;68;112;70;114;68;114;66;114;78;115;80;114;81;114;83;115;81;116;80;116;69;142;72;139;74;137;76;138;77;137;79;139;80;142;79;145;77;146;76;146;74;146;72;145;70;142;74;140;76;141;77;140;79;142;77;142;76;143;74;142
54;118;54;125;55;132;56;140;58;146;61;152;65;156;70;159;75;160;79;159;82;155;84;150;86;144;87;137;87;131;87;124;86;119;61;107;63;103;67;102;70;103;72;105;76;107;78;104;81;105;83;107;84;110;74;112;75;118;75;122;76;126;71;132;73;132;75;133;76;132;78;132;64;112;66;111;68;112;69;114;67;114;66;114;77;115;79;113;81;113;82;115;81;115;79;115;69;141;72;138;74;137;75;137;77;137;78;139;80;142;78;144;77;145;75;145;73;145;71;144;70;141;73;140;75;140;77;140;79;142;77;141;75;141;73;141
54;118;54;124;54;132;55;139;57;145;60;151;64;156;69;159;74;160;78;159;81;154;83;148;84;142;85;135;86;129;86;123;85;118;61;107;63;104;66;102;69;103;72;105;76;107;78;105;81;105;83;107;84;111;74;113;74;118;75;122;75;126;71;131;72;132;75;133;76;132;77;132;64;113;66;112;67;112;69;115;67;115;65;114;77;115;78;114;80;115;81;115;80;116;78;116;68;141;71;138;73;137;75;137;76;137;78;138;79;141;78;144;76;145;75;146;73;145;71;144;69;141;73;140;75;140;76;140;78;141;76;141;75;142;73;141
53;119;53;126;53;134;54;142;56;148;60;154;64;158;69;161;74;162;78;161;81;156;83;151;85;145;85;138;86;132;86;126;85;120;60;107;62;104;65;103;69;103;72;106;75;107;78;105;81;106;82;108;84;111;73;114;74;118;74;123;75;128;71;132;72;134;74;134;76;134;77;132;63;114;65;112;67;113;68;115;67;115;65;115;77;116;78;115;80;115;81;116;80;117;78;116;68;143;71;140;73;138;75;139;76;138;78;140;79;143;78;145;76;147;75;148;73;147;71;146;69;143;73;142;75;142;76;142;78;143;76;143;75;143;73;143
53;120;53;127;54;135;54;143;56;149;60;155;64;159;69;163;74;165;78;163;81;159;83;153;85;147;86;140;87;133;87;127;86;121;60;109;62;105;65;104;69;104;72;107;75;108;78;107;81;107;83;109;84;112;74;115;74;120;74;125;75;129;70;134;72;135;74;136;76;135;77;134;63;115;65;113;67;114;68;116;67;116;65;115;77;118;78;115;80;115;81;118;80;118;78;118;67;145;70;142;73;140;74;140;76;140;78;142;79;145;77;148;76;150;74;150;72;150;70;148;69;145;73;143;74;143;76;143;78;145;76;145;74;145;72;145
53;119;53;127;53;135;54;143;56;150;59;156;63;160;68;164;73;165;77;164;81;159;83;154;85;147;85;140;86;134;86;127;86;121;59;109;62;105;65;104;68;104;71;107;75;108;77;107;80;107;82;109;83;112;73;115;73;120;74;125;74;130;70;134;72;136;74;137;75;136;77;134;63;115;64;113;66;114;68;116;66;116;64;115;76;118;78;115;80;115;81;118;80;118;78;118;67;145;69;142;72;140;74;141;76;140;77;142;78;145;77;148;76;151;74;151;72;151;69;148;68;145;72;144;74;144;76;144;77;145;76;146;74;146;72;146
52;119;52;127;53;135;54;143;55;149;59;155;63;159;68;162;73;163;77;162;81;157;83;151;84;145;85;138;85;132;85;126;85;120;58;109;61;105;64;103;67;104;71;106;74;107;76;106;79;106;81;108;82;112;72;114;73;119;73;123;74;129;69;133;71;134;73;135;75;134;76;133;62;114;63;112;65;112;67;115;65;115;63;115;76;116;77;114;79;115;80;116;79;117;77;116;67;144;69;141;72;140;73;140;75;139;77;140;78;144;77;147;75;149;73;149;71;149;69;147;67;144;72;143;73;143;75;143;77;144;75;145;73;145;72;145
51;118;51;126;52;133;53;140;54;148;58;153;62;158;67;161;72;162;76;161;80;156;82;151;83;145;84;137;85;131;85;124;84;118;58;108;60;104;63;102;67;102;69;105;73;106;76;104;78;104;81;106;82;110;72;112;72;118;72;122;72;127;68;132;70;133;72;134;74;133;76;132;61;113;63;112;65;112;66;114;64;114;63;114;75;115;76;113;78;113;80;115;78;115;76;115;66;143;68;139;71;137;72;138;74;137;76;139;77;142;76;145;74;146;72;147;71;147;68;145;67;143;71;141;72;141;74;141;76;142;74;143;72;143;71;143
50;115;51;123;51;131;53;138;54;145;58;151;62;156;67;159;72;160;76;159;80;154;82;149;84;143;85;136;85;129;85;122;85;116;57;107;59;103;63;101;66;101;69;104;73;105;75;104;78;103;80;104;82;107;71;112;71;116;72;121;72;126;68;131;70;132;72;132;74;132;75;130;60;112;62;110;64;110;66;112;64;113;62;112;74;113;76;111;78;111;80;113;78;113;76;113;65;141;68;137;70;136;72;137;74;136;76;137;77;140;76;143;74;145;72;145;70;145;68;144;67;141;70;139;72;139;74;139;76;140;74;140;72;141;70;141
50;115;51;123;51;131;53;138;54;145;57;151;62;156;66;159;72;161;76;159;79;156;82;150;83;143;84;136;85;129;85;123;85;117;57;107;59;103;62;101;66;101;68;104;72;105;75;103;78;104;80;105;81;108;71;112;71;116;72;121;72;126;67;131;69;132;72;133;73;132;75;131;60;112;62;110;64;111;66;113;63;113;62;113;74;114;76;112;77;112;79;114;77;114;76;114;65;141;67;138;70;137;72;137;73;136;75;137;77;141;75;143;74;145;72;145;70;145;67;144;66;141;70;140;72;140;73;140;76;140;73;140;72;141;70;141
50;117;51;124;52;132;53;140;54;146;57;152;61;157;66;161;71;162;76;160;79;156;81;151;83;145;84;137;85;131;85;124;85;118;57;107;58;104;62;102;65;102;68;104;72;106;75;104;78;104;80;106;81;110;70;112;71;118;71;122;72;127;67;132;69;133;71;134;73;133;74;132;60;112;62;111;63;112;65;114;63;114;61;114;74;115;76;112;77;112;79;115;77;115;76;115;64;142;67;139;69;138;71;139;73;138;75;139;76;142;75;144;73;145;71;146;69;145;67;145;65;142;69;141;71;141;73;141;76;142;73;142;71;142;69;142
50;117;50;125;51;132;52;140;54;146;57;152;61;157;66;160;70;161;74;159;77;155;80;149;81;143;82;136;83;129;83;123;82;118;56;108;58;104;61;102;65;102;68;105;72;106;74;104;77;104;80;107;81;111;70;113;70;118;71;123;71;128;67;132;68;133;71;134;72;133;74;132;59;113;61;111;63;112;65;115;63;114;61;114;73;115;75;113;77;113;78;115;77;115;75;115;63;142;67;139;69;138;71;139;72;138;74;140;76;142;74;144;72;146;71;146;68;146;66;145;65;142;69;141;71;142;72;141;75;142;72;142;71;142;69;142
50;118;50;124;50;132;52;140;53;146;57;151;60;156;65;159;70;160;74;159;77;154;79;148;81;143;82;136;82;129;82;123;82;118;55;107;58;104;61;102;64;102;67;104;71;106;74;104;76;104;79;107;80;110;69;112;70;118;70;122;71;127;66;132;68;132;70;133;72;132;73;132;58;112;60;111;63;111;64;114;62;114;60;114;72;115;74;112;76;112;78;115;76;115;74;115;63;141;66;138;68;137;70;138;72;137;74;138;76;141;74;143;72;145;70;145;68;144;66;143;64;141;68;140;70;140;72;140;75;140;72;140;70;141;68;140
49;118;49;125;50;132;51;140;53;146;56;152;60;156;64;159;69;160;74;159;77;155;80;150;81;143;82;137;82;130;82;123;82;118;55;107;57;103;60;101;64;101;67;104;71;105;73;104;76;104;78;106;80;110;69;112;69;116;69;121;70;126;65;131;67;132;69;133;71;132;73;131;58;112;60;110;62;110;64;113;62;113;60;112;72;114;74;112;76;112;77;114;76;114;74;114;63;140;66;137;68;136;70;137;72;136;73;137;75;140;73;142;72;143;70;143;68;143;65;142;63;140;68;139;70;140;72;139;74;140;72;140;70;140;68;140
49;118;49;124;49;132;50;139;52;145;55;151;59;155;64;158;69;158;73;157;76;153;78;147;80;141;81;134;81;129;81;123;81;117;55;107;57;103;60;101;63;101;66;104;70;105;73;103;76;104;78;106;79;110;68;112;69;116;69;121;70;126;65;130;67;131;69;132;71;132;72;130;58;112;59;110;62;110;63;113;61;113;59;112;72;114;73;112;76;112;77;114;76;114;74;114;63;140;65;137;68;136;69;137;71;136;73;137;75;140;73;142;71;143;69;143;67;143;65;142;63;140;67;139;69;139;71;139;74;140;71;139;69;140;67;139
49;119;49;126;50;133;50;140;52;147;55;152;59;156;64;159;68;160;73;159;76;155;78;149;80;143;81;137;81;130;81;124;81;118;54;107;57;103;59;101;63;101;66;104;70;105;73;103;76;104;78;106;79;110;68;112;68;117;69;121;69;126;65;131;67;132;69;133;71;132;72;131;58;112;59;110;61;111;63;114;61;114;59;113;72;114;73;112;75;112;76;114;75;115;73;115;62;140;65;137;67;137;69;137;71;137;73;137;75;140;73;142;71;143;69;143;67;143;65;143;63;140;67;140;69;140;71;140;73;140;71;140;69;140;67;140
49;118;49;125;49;132;50;140;52;146;55;152;59;156;63;159;68;160;73;159;76;154;79;148;80;143;81;136;81;129;81;123;81;117;54;107;56;103;59;101;63;102;65;104;70;105;72;104;75;104;77;106;79;110;67;112;68;117;68;122;69;126;64;132;67;132;68;133;70;132;72;132;57;112;59;110;61;111;63;114;61;114;58;113;71;115;73;112;75;112;76;114;75;115;73;115;62;141;64;138;67;137;69;137;70;137;72;138;74;140;72;143;71;143;69;144;67;144;64;143;63;141;67;140;69;140;70;140;73;140;71;140;69;140;67;140
48;118;48;125;49;132;49;140;51;146;54;152;58;156;63;159;68;160;72;159;76;154;78;149;80;143;80;136;81;129;81;123;80;117;54;108;55;104;58;102;62;102;65;104;69;105;72;104;75;104;77;106;78;110;67;112;67;117;68;121;68;126;64;132;66;132;68;133;70;132;72;131;56;113;58;111;60;111;62;114;60;114;58;113;71;114;72;112;74;112;76;114;74;114;72;114;61;141;64;138;66;137;68;137;70;137;72;138;74;140;72;143;70;143;68;144;66;144;64;143;62;141;66;140;68;140;70;140;73;140;70;140;68;140;66;140
48;117;48;124;49;132;49;139;51;145;54;151;58;156;63;159;68;160;72;159;76;154;78;148;79;142;80;135;81;129;80;122;80;116;53;108;55;104;58;102;62;102;64;104;69;105;71;103;74;104;76;105;78;110;67;112;67;117;67;121;68;126;64;132;66;132;68;133;70;132;71;131;56;113;58;112;60;112;62;114;60;115;58;114;71;114;72;112;74;112;76;114;74;115;72;115;61;141;64;138;66;137;68;137;70;137;72;137;74;140;72;143;70;144;68;144;66;144;64;143;62;140;66;140;68;140;70;140;73;140;70;140;68;140;66;140
48;118;48;125;48;132;49;139;51;146;54;151;58;156;63;159;67;161;72;159;76;155;78;149;80;143;81;135;81;129;81;122;80;116;53;107;55;104;58;102;61;103;64;105;69;106;71;104;74;104;76;105;78;109;67;112;67;118;67;122;68;127;63;132;66;133;67;134;69;133;71;132;56;114;58;114;60;114;62;115;60;115;58;115;70;115;72;115;74;114;76;115;74;116;72;116;61;141;63;138;66;137;68;138;69;137;72;138;73;140;72;143;70;144;68;145;66;145;63;143;62;141;66;140;68;140;69;140;72;140;70;140;68;141;66;140
48;118;48;125;49;132;49;140;51;146;54;152;58;156;63;160;67;161;72;160;75;156;77;150;79;143;80;136;81;129;80;123;80;117;53;109;55;105;58;103;62;104;64;106;68;107;71;105;74;105;76;107;78;110;67;114;67;118;67;123;68;129;63;133;65;134;67;135;69;134;71;133;56;115;58;115;60;115;62;116;60;116;58;116;70;116;72;115;74;115;76;116;74;117;72;117;60;142;63;140;66;139;68;140;69;139;72;140;73;142;72;144;70;145;68;145;66;145;63;144;62;142;66;141;68;142;70;141;72;142;70;142;68;142;66;142
