67;113;67;119;68;126;69;132;70;139;72;146;73;153;75;159;79;160;84;159;90;155;94;149;99;142;101;134;102;125;102;115;102;107;65;103;66;99;68;97;72;97;74;99;78;97;82;93;86;92;91;93;94;99;76;105;76;110;75;116;74;122;73;127;74;129;76;129;78;128;80;127;68;110;69;107;72;106;74;109;72;110;69;111;83;107;85;104;87;103;90;105;87;107;85;107;73;140;73;137;74;136;76;137;77;135;80;137;84;139;81;142;78;143;76;143;75;143;74;143;74;140;75;139;76;140;78;139;82;139;78;139;76;140;75;139
68;113;68;119;68;125;69;132;70;138;71;145;73;152;75;157;79;159;84;158;90;154;94;148;98;142;101;134;102;125;102;115;102;107;66;102;67;98;69;96;72;96;74;98;79;96;82;92;87;90;91;92;94;97;76;104;76;109;75;115;74;120;73;126;75;127;76;128;78;126;80;126;68;110;69;106;72;105;74;107;72;109;70;110;83;106;85;102;87;101;90;104;88;106;85;106;73;139;73;136;75;134;76;135;78;134;81;135;84;137;81;140;79;141;77;142;76;142;74;141;74;139;75;138;76;138;78;137;83;137;78;137;76;137;75;137
69;112;68;118;69;124;70;131;71;137;72;145;73;151;76;156;79;158;84;157;90;154;94;148;99;142;101;134;102;125;103;115;103;107;67;101;67;97;70;95;72;95;75;97;79;95;82;91;86;90;91;92;94;96;76;103;76;108;75;113;74;118;74;124;75;126;76;126;78;126;80;124;69;108;71;104;72;104;75;107;73;107;71;109;83;104;85;101;87;101;90;103;88;104;85;105;73;138;74;135;75;133;76;134;78;133;81;134;84;137;81;139;79;140;77;140;76;140;74;140;74;137;75;137;76;137;78;136;83;137;78;136;77;137;76;136
69;112;69;118;69;124;70;131;72;137;72;144;73;151;76;156;80;158;85;157;90;153;95;148;99;141;102;133;103;123;103;115;103;105;67;101;67;96;70;95;72;95;75;96;79;95;82;90;86;89;91;90;94;95;76;103;76;108;75;113;74;118;74;125;75;126;76;126;78;125;80;124;69;109;70;105;72;104;75;107;73;108;71;109;83;104;85;101;88;101;90;102;88;104;85;105;74;138;74;134;75;133;76;134;78;132;81;134;85;137;81;139;79;140;77;140;76;140;75;140;75;138;76;136;77;137;78;136;83;137;79;135;77;136;76;136
69;112;69;118;69;124;70;130;71;137;72;144;73;151;75;156;79;157;85;156;90;153;94;148;99;141;101;133;102;124;102;115;103;106;67;101;67;96;70;95;72;95;75;96;78;95;82;90;86;89;90;91;94;96;76;102;76;107;75;113;74;118;74;124;75;126;76;126;78;126;80;124;69;108;70;105;72;104;75;107;72;108;71;109;83;104;85;101;87;101;90;102;88;104;85;104;74;138;74;134;75;133;76;134;78;132;81;134;84;136;81;139;79;140;77;140;76;140;75;140;74;137;75;136;76;136;78;136;83;137;78;135;77;136;76;136
68;113;68;118;69;124;70;131;71;137;72;145;73;151;76;156;79;158;84;157;90;154;94;148;99;142;101;134;102;125;103;115;103;107;67;101;67;97;70;96;72;96;75;97;79;96;82;91;86;90;90;91;94;96;76;103;76;108;75;113;74;119;74;125;75;126;76;126;78;126;80;125;69;109;70;105;72;105;74;107;72;109;70;110;83;105;85;101;87;101;90;103;88;105;85;105;73;138;74;135;75;134;76;134;78;133;81;134;84;137;81;139;79;140;77;140;76;141;74;140;74;138;75;137;76;137;78;137;83;137;78;136;76;137;76;136
69;114;69;119;69;125;70;132;71;138;72;145;73;151;75;156;79;159;84;158;90;154;94;149;99;142;101;134;102;125;102;115;102;107;67;102;67;98;69;96;72;96;75;98;78;96;82;92;86;90;91;93;94;97;76;104;76;110;75;115;74;121;73;126;75;127;76;128;78;127;80;126;69;110;70;107;72;106;74;108;72;109;70;110;83;106;85;102;87;102;90;104;88;106;85;106;73;139;74;137;75;134;76;135;78;134;81;136;84;138;81;140;79;141;77;142;76;142;74;141;74;139;75;137;76;138;78;137;83;138;78;137;76;138;75;137
67;114;68;121;69;126;70;133;71;140;72;147;73;154;76;158;79;160;84;159;90;155;94;150;98;143;101;134;102;125;102;116;102;107;66;104;67;99;69;97;72;97;74;99;78;97;82;93;86;91;90;93;94;98;76;105;76;110;75;116;74;122;73;127;74;129;76;129;78;128;80;127;68;110;69;107;72;107;74;109;72;110;70;111;83;107;85;104;87;103;90;105;87;107;85;107;73;140;74;137;75;135;76;136;78;135;81;137;84;139;81;142;79;143;77;143;76;143;74;142;74;140;75;139;76;139;78;138;83;139;78;138;76;139;76;139
68;113;68;120;69;126;70;132;71;139;72;146;73;153;75;158;79;160;84;159;90;156;94;150;98;143;101;134;102;126;102;116;102;107;66;104;67;99;69;97;72;97;74;99;78;98;82;93;86;92;91;94;94;99;76;105;76;111;75;116;74;122;73;127;74;129;76;129;78;129;80;127;68;110;69;107;72;107;74;109;72;110;70;111;83;107;85;104;87;104;90;106;87;107;85;107;73;140;73;137;75;136;76;137;78;136;81;137;84;140;81;142;78;143;77;143;75;143;74;143;74;140;75;139;76;140;78;139;82;140;78;139;76;140;75;139
68;113;68;120;69;126;70;132;71;139;72;146;73;153;75;158;79;160;84;159;90;155;94;150;98;143;101;134;102;126;102;116;102;107;66;104;67;99;69;97;72;98;74;99;78;98;82;93;86;92;91;94;94;99;76;106;76;111;75;116;74;122;73;127;74;129;76;129;78;129;80;128;68;110;69;107;72;107;74;109;72;110;70;111;83;107;85;104;87;104;90;106;87;107;85;108;73;141;73;137;75;136;76;137;78;136;81;137;84;140;81;142;79;143;77;143;76;143;74;143;74;140;75;139;76;140;78;139;82;140;78;139;76;140;75;139
68;112;68;119;69;125;70;132;70;139;72;146;73;153;75;158;79;160;84;159;90;155;94;149;99;142;101;134;102;125;102;115;102;107;66;103;67;99;69;98;72;98;74;99;78;98;81;94;86;93;90;94;94;99;76;105;76;111;75;116;74;122;73;127;74;129;76;129;78;129;80;127;68;111;70;108;72;108;74;110;72;111;70;112;83;107;84;105;87;105;89;107;87;108;85;109;73;140;73;137;75;136;76;137;77;136;80;137;84;140;81;142;78;143;76;143;75;143;74;142;74;140;75;139;76;140;78;139;82;140;78;139;76;139;75;139
68;112;68;118;69;125;70;131;71;138;72;145;73;152;75;158;79;160;84;159;90;155;94;149;98;142;101;134;102;125;102;115;102;107;66;103;67;99;69;97;72;98;74;99;78;98;81;93;86;92;90;94;94;99;76;106;75;111;75;116;74;122;73;126;74;129;76;129;77;129;80;127;68;111;70;108;72;108;74;109;72;111;70;112;82;107;85;105;87;105;89;107;87;108;85;109;73;140;73;137;74;136;76;136;77;135;80;137;84;139;81;142;78;143;76;143;75;143;74;142;74;140;75;139;76;139;78;138;82;139;78;138;76;139;75;138
68;112;68;118;69;124;70;131;70;137;72;145;72;152;75;157;79;159;84;159;89;155;94;149;98;142;100;133;101;124;101;115;101;106;66;103;67;99;69;97;72;97;74;99;77;97;81;93;86;92;90;93;93;99;76;105;75;111;74;116;73;122;72;126;74;128;75;129;77;128;79;127;68;111;69;109;71;108;73;109;72;110;70;111;82;107;84;106;86;106;89;107;86;108;84;108;73;140;73;137;74;136;76;137;77;135;80;137;83;139;80;142;78;143;76;143;75;143;73;142;74;140;74;139;76;139;77;138;82;139;77;139;76;139;74;138
68;113;68;119;68;125;69;132;70;138;71;145;72;152;75;158;79;160;84;159;89;155;94;149;98;142;100;134;101;125;101;116;101;107;66;103;66;99;69;97;72;97;74;99;77;97;81;93;85;92;90;93;93;99;76;105;75;111;74;116;73;122;72;126;73;129;75;129;77;129;79;127;68;110;69;107;71;107;73;109;72;110;69;111;82;107;84;104;86;104;89;106;86;107;84;107;72;140;73;137;74;136;75;137;77;136;80;137;83;139;80;142;78;143;76;143;75;143;73;142;73;140;74;139;76;139;77;139;82;139;77;138;76;139;74;138
67;112;67;118;67;125;68;131;69;137;71;145;72;152;74;158;78;160;83;159;89;155;94;149;99;143;102;134;103;125;104;115;104;105;66;101;67;98;69;97;72;98;74;99;77;98;81;93;85;93;90;94;94;99;75;105;75;111;74;116;73;122;72;126;73;128;75;129;77;129;79;128;67;109;69;107;71;107;73;108;71;109;69;110;82;107;84;104;86;104;89;105;86;107;84;107;72;140;72;137;73;136;75;137;76;136;80;137;83;140;80;142;77;143;75;143;74;143;73;143;73;140;74;139;75;140;77;139;81;140;77;139;75;140;74;139
67;114;67;119;68;126;69;132;70;138;71;145;72;152;74;158;78;160;83;160;89;156;94;151;98;144;101;136;103;126;103;117;103;107;67;101;67;98;69;97;72;98;73;99;77;98;81;94;85;93;89;94;93;99;75;105;75;111;74;117;73;123;72;126;73;129;74;129;76;129;79;128;68;109;69;107;71;107;73;108;72;109;70;110;82;107;84;104;85;104;88;106;86;107;84;107;72;140;72;137;73;137;75;137;76;136;79;137;83;140;80;143;77;143;75;144;74;144;73;143;73;140;74;140;75;140;77;140;81;140;76;139;75;140;74;140
68;113;68;118;68;125;69;131;70;138;71;145;72;153;74;158;78;161;83;160;89;156;94;151;98;145;101;137;103;128;103;118;104;108;67;101;67;99;69;98;72;99;73;100;77;99;81;94;85;93;90;95;93;99;75;106;75;111;74;117;73;123;72;127;73;129;75;130;76;129;78;128;68;109;69;107;71;107;73;108;72;110;70;110;82;107;83;104;85;105;88;107;86;108;84;108;72;141;72;138;73;137;75;137;76;137;79;138;83;140;80;143;77;143;75;144;74;144;73;143;73;141;74;140;75;140;77;140;81;140;76;140;75;140;74;140
