72;112;72;120;73;128;74;136;76;143;80;148;83;153;88;156;93;157;97;155;100;150;102;144;103;137;104;131;105;124;105;118;104;112;77;104;80;100;84;99;87;99;90;101;95;101;98;99;101;98;103;99;104;103;93;107;94;112;94;117;94;121;90;126;92;127;94;128;95;127;97;126;82;109;84;107;86;107;88;109;86;110;84;110;96;109;99;107;100;106;102;108;100;110;99;110;85;135;89;134;92;134;94;134;95;134;97;134;99;135;97;138;95;140;94;140;91;140;89;139;86;136;92;136;94;137;95;136;98;135;95;137;94;137;91;137
72;111;72;119;73;127;74;134;76;141;80;147;84;151;88;155;93;156;98;154;100;148;102;143;104;136;104;129;105;123;105;116;104;110;77;102;80;98;83;96;87;96;90;99;96;99;98;97;101;96;103;98;104;102;93;105;94;110;94;114;95;119;90;124;92;125;94;126;96;125;98;123;81;107;84;105;86;105;88;107;86;108;84;108;96;107;99;105;100;105;102;107;100;108;99;108;85;133;89;132;92;132;94;132;95;132;97;132;99;133;97;136;95;138;94;138;92;138;89;137;87;134;92;134;94;134;95;134;98;134;95;134;94;134;92;134
69;110;70;118;70;126;72;134;74;141;78;146;83;151;89;154;94;154;98;152;100;147;103;141;104;134;105;128;105;121;105;115;105;108;76;101;79;96;83;94;87;95;90;97;95;97;98;96;100;95;103;96;104;101;93;103;94;107;94;112;95;116;90;122;92;123;94;123;96;123;97;121;81;107;83;105;85;105;87;106;85;107;83;107;96;106;98;105;100;105;101;107;100;107;98;107;86;132;90;130;92;129;94;130;96;129;97;130;99;132;98;134;96;135;94;135;92;135;90;134;87;132;92;132;94;132;96;132;98;132;96;132;94;132;92;132
71;110;71;118;72;126;73;133;75;140;79;145;83;149;88;152;94;153;98;151;100;146;103;140;104;134;104;127;105;121;105;115;104;108;76;100;79;96;83;93;87;93;90;96;95;96;98;94;100;94;103;96;104;99;93;101;94;106;94;110;94;115;90;121;92;121;94;122;96;121;97;120;81;106;83;104;85;104;87;105;85;106;83;106;96;105;98;104;100;104;101;106;100;107;98;106;85;130;89;129;92;128;94;129;95;128;97;129;99;130;97;132;95;134;94;134;92;134;89;132;87;130;92;130;94;130;95;130;98;130;95;130;94;131;92;130
72;111;72;118;72;126;73;133;76;140;79;145;83;149;88;152;93;153;97;151;100;146;102;140;103;134;104;127;105;121;105;115;104;109;76;100;79;96;83;93;86;93;90;96;95;96;97;93;100;93;103;95;103;99;93;101;93;106;94;110;94;115;90;121;91;121;94;122;95;121;97;120;81;106;83;104;85;104;87;105;85;106;83;107;96;105;98;104;99;104;101;106;99;106;98;106;85;129;89;128;92;127;93;128;95;127;97;128;99;129;97;132;95;133;93;134;91;133;89;132;86;130;92;129;93;130;95;129;98;130;95;130;93;130;91;130
72;111;72;118;72;126;74;133;76;140;79;145;83;149;87;152;92;153;97;151;99;147;102;142;103;135;104;129;104;122;105;115;104;109;76;100;79;96;82;94;86;94;90;96;94;96;97;94;100;94;102;96;103;100;92;103;93;107;93;111;94;116;89;121;91;123;93;123;95;122;96;121;81;106;83;104;85;104;87;106;85;107;83;107;95;106;98;104;99;104;101;106;99;107;98;107;85;131;88;129;91;129;93;129;94;128;96;129;99;131;96;133;94;134;93;135;91;134;88;134;86;131;91;131;93;131;94;131;97;131;94;131;93;132;91;131
71;112;72;119;72;126;73;134;76;140;79;146;83;151;87;154;92;154;96;152;99;148;102;142;103;136;104;129;104;123;105;117;104;110;76;103;78;98;82;96;85;96;89;98;94;98;97;96;100;96;103;98;103;102;92;104;92;109;93;113;93;118;89;123;90;124;93;125;94;124;96;123;80;107;82;106;84;106;86;107;84;108;82;109;95;107;97;105;99;105;101;107;99;108;97;108;84;132;88;131;90;130;92;131;94;130;96;131;98;132;96;135;94;137;92;137;90;137;88;136;85;133;90;132;92;133;94;132;97;132;94;133;92;134;90;134
71;112;71;120;72;128;73;135;75;142;78;148;82;153;87;156;92;156;96;154;99;149;102;143;103;137;104;130;104;123;104;118;104;111;75;104;78;100;81;98;85;98;89;100;94;100;96;98;99;98;102;99;103;104;91;106;92;111;92;115;93;121;88;126;90;126;92;127;94;126;95;125;80;109;81;107;84;107;86;109;84;110;81;110;95;109;97;107;99;107;100;108;99;110;97;110;84;134;87;133;90;132;92;133;94;132;96;133;98;134;96;137;94;139;92;140;90;139;87;138;85;135;90;134;92;135;94;134;97;134;94;135;92;136;90;135
70;111;70;119;71;127;72;134;74;142;77;148;81;154;86;157;91;157;96;155;99;150;102;145;103;138;104;131;104;124;105;118;105;111;75;105;77;101;81;99;85;99;88;101;94;101;96;99;99;99;102;100;103;104;91;107;91;112;92;117;92;122;87;126;90;127;92;129;93;127;95;126;79;110;81;107;83;107;85;110;83;110;81;111;94;110;96;107;99;107;100;109;99;110;97;110;83;135;87;134;90;133;91;134;93;133;95;134;98;134;95;137;93;140;91;140;90;140;86;139;84;136;90;135;91;136;93;135;96;135;93;136;91;137;90;137
71;112;71;120;71;128;72;135;74;143;77;149;81;154;85;157;91;158;95;156;99;151;101;145;103;139;104;132;104;125;104;118;104;111;75;104;77;100;81;98;85;99;88;100;93;101;96;99;99;98;102;99;103;104;90;107;91;111;91;116;91;121;87;126;89;127;91;128;93;127;94;126;79;110;81;107;83;107;85;110;83;110;81;110;94;110;96;107;99;107;100;109;99;110;96;110;83;135;86;134;89;133;91;134;93;132;95;133;97;134;95;138;93;140;91;140;89;140;86;139;84;136;89;135;91;136;93;135;96;135;93;136;91;137;89;137
70;111;71;119;71;127;72;135;74;143;77;149;81;154;85;158;90;159;95;156;99;151;101;145;103;138;104;132;104;124;105;118;104;111;75;104;77;99;81;97;84;97;87;99;93;99;95;97;99;97;102;99;103;103;90;105;90;110;91;115;91;120;87;125;89;126;91;126;93;126;94;124;79;108;81;106;83;105;85;108;83;109;81;109;94;108;96;105;98;105;100;107;98;109;96;108;82;135;85;133;89;132;90;132;93;131;95;132;97;134;95;138;93;141;91;142;89;141;85;140;84;135;89;134;90;134;93;134;96;134;93;137;91;138;89;137
70;111;70;118;71;126;72;134;73;142;76;148;81;154;85;159;90;159;94;158;98;152;101;146;103;139;104;132;104;125;104;118;104;111;75;101;77;97;80;95;84;96;87;98;92;98;95;96;98;95;101;97;103;101;90;104;90;109;90;112;90;118;86;123;88;124;90;125;92;124;94;123;78;107;80;104;82;104;85;107;82;107;80;107;94;107;96;104;98;104;99;107;98;107;96;107;82;134;85;132;88;130;90;131;92;130;94;131;97;133;94;139;92;142;90;142;88;142;85;140;83;134;88;132;90;132;92;132;96;134;92;137;90;138;88;138
71;110;71;118;72;126;72;134;74;141;77;148;81;154;85;158;90;159;95;156;99;151;101;145;103;138;104;131;104;123;104;117;104;110;75;100;77;96;80;94;83;95;87;96;92;97;94;95;98;94;101;96;103;100;89;102;90;107;90;111;90;116;86;122;88;123;90;123;92;123;94;121;78;106;80;103;82;103;85;105;82;107;80;107;94;105;95;103;98;103;99;105;98;106;95;106;81;133;85;130;88;129;90;129;92;129;94;129;97;132;95;138;92;140;90;141;88;141;85;139;83;133;88;131;90;131;92;131;96;132;92;137;90;137;88;137
71;110;71;117;71;124;72;132;74;140;76;147;80;153;85;157;90;159;95;156;99;151;101;144;103;137;104;129;104;122;104;115;104;108;74;100;76;96;80;93;83;94;86;96;92;96;94;94;98;93;101;96;102;100;89;101;89;106;90;110;90;115;85;121;88;122;90;123;91;121;93;121;78;104;80;102;82;102;84;104;82;105;80;105;93;104;95;102;98;102;99;104;98;105;95;105;81;132;85;129;88;128;90;129;92;128;94;129;97;132;94;137;92;140;90;140;88;140;85;138;83;132;88;130;90;130;92;130;96;132;92;136;90;137;88;137
71;110;71;118;71;125;72;133;74;140;77;147;81;153;85;157;90;158;95;156;99;151;101;144;103;137;104;129;104;122;104;115;104;109;75;100;76;96;80;93;83;93;86;95;92;96;94;93;98;93;100;95;102;99;89;101;89;105;90;110;90;114;85;121;88;121;90;122;91;121;93;120;78;104;80;102;82;101;84;104;82;105;80;105;93;104;95;101;97;101;99;104;97;105;95;104;81;132;85;129;88;127;90;128;92;127;94;128;97;131;94;137;92;140;90;140;88;140;85;137;83;132;88;129;90;129;92;129;96;131;92;136;90;137;88;137
