57;104;56;108;56;113;57;119;58;124;60;130;62;134;65;138;69;139;74;138;79;135;83;132;87;126;90;120;90;112;90;104;89;96;57;93;57;90;58;88;60;86;63;86;67;84;70;81;74;80;77;81;81;85;64;90;64;95;63;99;63;103;62;110;63;110;65;110;67;109;69;107;58;98;59;95;61;93;63;95;61;96;60;97;71;92;72;88;75;88;77;89;75;90;73;91;62;120;63;117;64;115;66;115;67;114;71;114;75;115;72;118;69;120;67;121;65;121;63;121;63;120;64;118;66;117;67;116;74;115;68;117;66;118;64;118
57;102;57;107;57;112;57;118;58;123;60;129;62;134;65;137;69;138;74;137;79;135;84;131;87;126;90;119;90;111;90;104;90;95;57;93;57;89;58;87;60;85;63;85;67;84;70;80;74;79;78;81;81;85;65;90;64;94;63;98;63;102;62;109;63;110;65;110;67;108;69;107;58;97;59;94;61;93;63;95;62;96;60;96;71;91;73;88;75;87;77;89;75;90;73;90;62;120;63;117;64;115;66;115;67;113;71;114;76;115;72;118;69;119;67;120;66;121;64;121;63;119;65;117;66;117;68;116;75;115;68;116;67;117;65;118
57;101;56;106;56;112;57;118;58;123;59;129;62;134;65;137;69;138;74;137;79;134;84;131;87;126;90;119;90;111;90;104;90;95;56;93;56;89;58;87;61;85;63;85;67;84;71;80;74;79;78;80;81;84;65;90;64;94;64;98;63;102;62;109;64;110;65;110;67;108;69;107;58;97;59;94;61;93;63;95;62;96;60;96;72;91;73;88;75;87;77;89;76;90;73;90;62;120;63;116;64;114;66;114;68;113;72;113;76;115;72;117;69;119;67;120;65;121;63;121;63;119;64;117;66;116;68;115;75;115;68;116;67;117;65;118
57;101;56;106;56;111;57;118;58;123;59;129;62;134;65;137;69;138;74;137;79;134;84;131;87;126;90;120;90;112;90;104;90;95;56;93;56;89;58;87;60;85;63;85;67;84;71;80;75;79;78;80;81;84;65;90;64;94;64;98;63;102;63;109;64;110;65;110;67;108;69;107;58;97;59;94;61;93;63;94;62;96;60;96;72;91;73;88;76;87;78;88;76;90;74;90;62;119;63;116;64;114;66;114;67;113;71;113;76;115;72;118;69;119;67;120;65;121;63;120;63;119;64;117;66;116;68;115;75;115;68;116;67;117;65;118
57;102;56;107;56;113;57;119;58;124;60;130;62;135;65;139;69;139;74;138;79;135;84;132;87;126;90;120;90;112;90;104;90;95;56;94;56;90;58;87;60;85;63;85;67;84;70;80;74;79;78;80;81;84;65;90;64;93;63;98;63;101;62;109;63;110;65;110;67;108;69;107;58;98;59;94;61;93;63;94;62;96;60;96;71;91;73;88;75;87;77;88;75;90;73;90;61;120;63;116;64;115;66;114;67;113;71;113;76;115;72;118;69;119;67;120;65;121;63;121;62;119;64;117;66;116;68;115;74;115;68;117;66;118;65;118
57;104;56;108;56;113;57;120;58;125;60;131;62;135;65;138;68;138;73;137;78;134;83;131;87;126;89;120;90;112;90;104;90;96;56;94;56;90;58;87;60;85;63;86;67;84;70;80;73;79;77;81;81;84;64;90;64;94;63;98;63;102;62;109;63;110;65;110;67;108;69;107;58;98;59;95;60;93;63;95;61;96;59;97;71;91;72;88;75;87;77;89;75;90;73;90;61;120;62;116;63;114;65;114;67;112;71;113;75;115;72;118;68;119;67;121;65;121;63;121;62;120;64;117;66;116;67;115;74;115;68;117;66;118;64;118
56;102;56;107;56;112;57;118;58;124;59;130;62;135;64;138;68;139;73;137;79;134;83;131;87;126;89;120;90;112;90;104;90;96;56;94;56;90;58;88;60;86;62;86;67;84;69;80;73;79;77;80;80;84;64;90;63;94;63;98;62;102;62;110;63;110;64;110;66;108;68;107;58;98;58;95;60;93;63;95;61;96;59;97;70;91;72;88;74;87;76;88;75;90;72;90;61;121;62;117;63;115;65;114;67;113;70;113;75;115;71;117;68;118;66;120;64;121;63;121;62;120;64;117;65;116;67;115;74;115;67;116;66;117;64;118
56;103;56;107;55;112;56;118;58;123;59;129;61;134;64;137;68;138;73;137;78;135;83;132;86;126;89;121;90;112;89;104;89;96;56;94;56;90;58;88;60;86;62;86;66;84;69;80;73;79;76;81;80;85;64;90;63;94;63;98;62;101;61;109;63;110;64;110;66;108;68;107;58;98;58;95;60;93;62;95;61;96;59;97;70;91;72;88;74;87;76;88;74;89;72;90;61;120;62;116;63;114;65;114;67;112;70;112;74;115;71;117;68;118;66;120;64;121;63;121;62;120;63;117;65;116;67;115;73;115;67;116;65;117;64;118
56;104;56;109;56;114;57;120;58;125;59;131;61;135;64;138;68;138;73;137;78;134;82;131;86;127;89;121;90;112;89;105;89;96;55;95;56;90;57;88;59;86;62;86;66;84;69;81;73;79;76;81;80;84;63;90;63;94;63;98;62;102;61;110;63;110;64;110;66;108;68;107;58;98;58;95;60;93;62;95;60;96;59;97;70;91;72;88;74;87;76;88;74;89;72;90;61;121;61;117;63;115;64;114;66;112;70;113;74;115;71;117;67;118;66;120;64;121;63;121;62;120;63;117;65;116;67;115;73;115;67;116;65;117;63;118
56;103;56;107;55;112;56;118;58;124;59;129;61;134;63;138;67;138;72;137;78;134;82;131;86;126;89;121;90;112;89;104;89;96;56;94;56;90;57;88;59;86;62;86;66;84;69;81;72;79;76;81;79;84;63;90;63;94;62;98;62;102;61;110;63;110;64;110;66;108;67;107;58;98;58;95;60;93;62;95;61;96;59;97;70;91;72;88;74;87;76;89;74;90;72;90;61;121;62;117;63;115;64;114;66;113;70;113;74;115;71;118;67;119;66;120;64;121;63;121;62;120;63;117;65;116;67;115;73;115;67;117;65;118;63;118
