42;97;41;101;42;107;43;112;45;117;46;121;48;126;50;130;53;131;57;130;63;127;67;123;72;118;75;111;76;101;76;92;75;82;37;90;37;87;39;85;40;85;43;86;46;82;49;77;54;74;58;74;63;77;45;90;44;96;44;101;43;106;43;110;45;111;46;112;48;110;50;109;40;95;40;93;42;92;45;93;43;95;41;96;52;89;53;85;56;83;58;85;56;87;54;88;46;121;45;118;46;116;46;116;48;115;50;115;54;115;51;115;49;117;48;118;47;118;47;119;47;120;46;118;47;118;48;118;54;115;48;114;47;115;47;115
42;98;42;103;42;108;44;113;45;118;46;123;49;127;50;131;53;132;57;131;63;128;68;125;73;120;76;112;76;102;76;93;75;83;38;90;38;87;39;85;40;85;42;85;45;82;49;77;54;74;58;74;63;77;45;90;44;96;43;100;43;105;43;110;44;111;46;111;48;110;49;108;40;95;41;92;43;91;45;93;43;95;41;96;52;89;53;85;56;84;58;85;56;87;54;88;46;121;46;118;46;116;46;116;48;115;50;115;55;116;51;116;49;116;48;117;47;118;47;119;47;120;46;119;47;118;48;118;54;116;48;113;47;114;46;115
43;99;43;104;43;108;45;113;45;118;47;123;49;128;50;132;54;132;58;132;64;129;69;125;74;120;76;112;76;101;76;92;75;82;38;89;37;87;39;85;40;85;42;85;45;81;49;77;54;74;58;74;63;77;44;90;44;95;43;99;42;104;43;110;44;110;46;110;48;109;49;107;40;95;41;92;42;91;44;93;43;95;41;96;52;88;53;85;55;83;58;85;56;87;54;88;47;121;46;118;46;117;46;117;48;115;50;115;54;117;51;116;49;116;48;117;47;118;47;119;48;121;46;119;47;119;48;118;54;117;48;114;47;115;46;115
42;98;42;103;42;107;44;113;45;118;46;123;48;127;50;131;53;132;58;131;63;129;68;125;73;120;76;112;76;102;76;93;75;83;38;89;38;86;39;85;40;84;42;85;46;81;49;77;54;74;58;74;63;77;45;90;44;96;44;100;43;105;43;110;45;111;46;111;48;110;49;108;40;95;41;92;42;91;45;93;43;95;41;96;52;89;53;84;56;83;58;85;56;87;54;88;47;121;46;118;46;117;47;117;48;115;50;115;54;117;51;117;49;117;48;118;47;118;47;119;47;121;46;119;47;119;48;118;53;117;48;114;47;115;46;115
41;98;41;103;42;107;43;112;45;117;46;121;48;126;50;129;53;129;57;129;63;126;68;123;73;118;76;110;76;101;76;91;75;82;37;90;37;87;39;85;40;84;42;84;46;81;49;77;54;74;58;74;63;77;45;90;45;95;44;99;43;104;44;109;45;110;46;110;48;109;50;107;40;95;41;92;43;91;45;93;43;95;41;96;52;88;53;84;55;83;58;84;56;87;54;88;47;120;46;117;46;115;47;115;48;113;51;114;55;115;52;115;49;115;48;116;48;117;47;118;47;119;47;117;47;117;49;116;54;115;49;112;48;113;47;114
40;98;40;103;40;108;42;113;44;118;45;123;47;127;49;131;52;132;56;131;62;128;67;124;72;120;75;112;76;102;76;93;75;83;37;90;37;87;39;85;40;84;42;85;46;81;50;76;54;74;58;74;63;77;45;90;45;95;44;100;43;104;43;110;45;110;46;110;48;110;49;108;40;95;41;92;43;91;45;93;43;95;41;96;52;89;53;85;56;83;58;85;56;87;54;88;46;120;45;117;45;115;46;115;47;114;50;114;54;115;51;116;49;117;48;118;47;118;46;119;46;119;46;118;47;118;48;117;53;115;48;115;47;115;46;115
40;99;40;104;41;109;43;114;45;119;46;123;48;128;50;132;54;132;58;131;63;128;68;124;73;119;76;111;76;101;76;91;75;82;37;89;37;87;39;85;40;85;42;85;46;82;49;77;53;74;58;74;62;77;45;90;45;96;44;100;44;104;44;110;45;111;47;111;48;110;50;108;40;96;41;92;43;92;45;93;43;96;41;96;51;89;53;84;55;83;58;84;56;87;54;88;47;121;46;118;46;116;47;116;48;115;51;115;55;116;52;116;50;117;49;118;48;118;47;120;47;121;47;119;48;118;49;118;54;116;49;114;48;115;47;115
41;98;41;103;42;108;43;113;45;118;46;123;48;127;49;131;53;132;57;131;63;129;68;125;73;120;76;112;76;103;76;93;75;83;37;89;37;87;39;85;40;85;42;85;46;82;49;77;54;74;58;74;63;77;45;90;45;96;44;100;43;104;43;110;45;111;46;111;48;110;50;109;40;95;41;92;43;91;45;93;43;95;41;96;52;89;53;85;56;83;58;85;57;88;54;89;47;121;46;118;46;116;47;116;48;115;51;115;55;116;51;116;49;116;48;117;47;118;47;119;47;120;46;119;47;118;48;118;54;116;48;113;47;114;47;115
42;98;42;102;42;107;44;112;45;118;46;122;48;127;50;131;53;131;57;130;63;128;68;124;73;120;76;112;77;102;76;93;76;82;38;89;38;86;39;85;40;84;42;85;46;81;50;77;54;74;58;74;63;77;45;90;44;95;43;99;42;104;43;109;44;110;46;110;48;109;49;107;40;95;41;92;43;91;45;93;43;95;41;96;52;88;53;84;56;83;59;84;57;87;54;88;46;120;45;116;45;115;46;115;47;113;50;113;55;115;51;115;49;116;48;117;47;118;47;118;47;119;46;117;47;117;48;116;54;115;48;114;47;115;46;115
42;97;42;101;43;106;44;111;45;116;47;121;49;125;50;129;53;129;57;129;62;126;67;123;72;118;76;111;76;101;76;92;75;82;38;89;38;86;39;85;40;84;43;84;46;81;50;76;54;74;59;74;63;77;45;90;45;95;44;99;43;104;43;109;45;110;46;110;48;108;50;107;41;94;41;91;43;91;45;93;43;94;41;95;52;88;53;84;56;82;58;84;57;87;54;88;47;118;46;116;46;114;47;114;48;112;51;112;55;114;52;115;49;115;48;116;47;117;47;118;47;118;46;116;47;116;49;115;54;114;49;113;47;114;47;114
42;97;42;102;42;107;44;112;45;118;46;122;48;126;50;130;53;131;57;130;63;127;68;124;73;119;76;111;76;101;76;92;76;82;37;89;37;86;39;85;40;83;42;84;46;81;50;76;54;74;59;74;63;77;45;90;44;95;43;99;42;104;43;109;44;110;46;110;48;109;49;107;40;94;41;92;43;91;45;93;43;94;41;95;52;88;53;84;56;83;59;84;57;87;54;88;46;120;45;116;45;115;46;115;47;113;50;113;54;115;51;115;49;116;48;117;47;118;46;118;47;118;46;117;47;116;48;115;54;115;48;114;47;115;46;115
43;96;43;101;43;106;45;110;46;115;47;120;49;125;50;129;53;129;57;129;63;126;68;123;73;118;76;111;76;101;76;92;76;82;38;89;38;86;39;85;40;84;42;84;46;81;50;77;54;74;59;74;63;77;45;90;44;95;43;99;42;104;43;109;44;110;46;110;47;108;49;107;41;94;41;91;43;91;45;93;44;94;42;95;52;88;53;84;56;83;59;84;57;87;54;88;47;119;45;116;45;115;46;115;47;113;50;113;55;115;51;115;49;115;48;116;47;117;47;118;47;118;46;117;47;116;48;115;54;115;48;112;47;113;46;114
39;97;39;103;40;110;41;117;43;123;45;131;47;138;49;144;54;145;59;143;65;137;70;130;74;122;76;112;76;101;76;90;74;81;37;87;37;84;39;83;40;82;43;84;47;80;50;75;54;73;58;73;62;76;45;91;45;96;45;100;44;105;44;113;45;115;47;115;49;113;50;112;40;95;40;91;43;91;45;93;43;95;41;96;52;89;53;85;56;83;58;85;57;88;54;89;46;129;46;126;46;124;48;124;49;123;52;123;57;123;54;127;51;129;49;129;48;130;47;130;46;129;47;127;48;126;49;126;55;124;50;125;49;126;48;126
40;97;40;102;41;107;42;113;44;118;45;123;47;127;49;131;52;132;57;131;62;128;67;124;72;119;76;111;76;101;76;92;75;82;37;89;37;86;39;85;40;84;43;84;47;80;50;76;54;74;59;74;63;77;45;90;45;95;44;99;44;104;43;109;45;110;46;110;48;110;50;108;40;95;41;92;43;91;45;93;43;95;41;96;52;89;53;85;56;83;58;85;57;88;54;88;46;120;45;117;46;115;47;115;48;114;50;114;54;115;51;115;49;116;48;117;47;118;46;118;47;119;46;118;47;117;48;116;53;115;48;114;47;114;46;115
41;96;41;101;42;106;43;111;44;116;45;121;47;126;49;130;52;131;56;130;62;127;67;124;72;119;75;111;76;101;76;92;75;82;38;88;38;85;39;83;41;82;43;83;46;79;50;76;54;73;59;74;63;77;45;90;45;94;44;99;43;104;43;108;45;110;46;110;48;108;49;107;41;94;41;91;43;91;45;93;43;94;41;95;52;88;54;85;56;83;59;84;57;87;54;88;45;117;45;115;45;114;46;114;47;112;50;112;55;113;51;115;49;115;47;115;46;116;45;117;45;116;45;116;46;116;48;115;54;114;48;112;46;113;45;113
43;97;42;102;43;107;44;112;45;118;47;123;48;128;50;132;53;132;57;131;63;128;68;124;73;119;76;111;77;101;76;92;76;82;38;88;38;85;39;84;41;83;42;83;46;79;50;76;54;73;59;74;63;77;45;89;44;94;43;99;42;104;43;108;44;109;46;110;48;108;49;107;41;94;41;91;43;91;45;92;44;94;42;95;52;88;54;84;56;83;59;84;57;87;54;88;46;119;45;115;45;114;46;115;47;113;50;113;55;115;51;115;49;116;48;117;46;118;46;118;46;118;46;116;47;116;48;115;54;115;48;114;47;115;46;115
42;97;42;102;42;108;44;113;45;118;46;123;48;128;50;132;53;132;57;132;63;129;68;126;73;121;76;112;77;103;76;93;76;83;38;88;38;85;39;84;41;83;43;84;47;80;50;76;54;73;59;74;63;77;45;89;44;94;44;99;43;104;43;108;45;110;46;110;48;109;49;107;41;94;41;90;43;90;45;92;43;93;41;94;52;88;54;84;56;82;59;84;57;87;54;88;46;121;45;117;45;115;46;115;47;114;50;115;54;116;51;115;49;115;48;116;47;117;46;118;47;119;46;118;47;118;48;117;53;116;48;113;47;114;46;114
43;96;43;101;43;107;44;112;45;117;47;122;48;127;49;131;53;132;57;131;63;128;68;124;73;119;76;112;77;101;76;92;76;82;38;89;38;85;39;84;40;83;42;83;46;79;50;76;54;73;59;74;63;77;44;89;44;94;43;99;41;104;43;108;44;109;45;109;47;108;49;107;41;94;41;91;43;91;45;93;43;94;41;95;52;88;54;84;56;83;59;84;57;87;54;88;46;118;45;116;45;115;46;115;47;113;50;113;55;115;51;115;49;115;47;116;46;117;46;118;46;118;45;117;46;116;48;115;54;115;48;112;46;113;46;114
42;97;42;102;43;107;44;112;45;116;46;121;48;126;49;129;52;131;56;130;62;127;67;124;72;119;76;112;76;102;76;92;76;82;38;89;38;86;39;84;40;83;42;83;46;80;50;76;54;74;59;74;63;77;45;90;44;94;43;99;42;104;43;108;44;109;45;110;47;108;49;107;41;94;41;91;43;90;45;92;43;94;41;95;52;88;53;84;56;83;59;84;57;87;54;88;46;118;45;115;45;114;46;114;47;113;50;113;54;115;51;115;49;115;47;117;47;117;46;118;46;118;46;116;46;116;48;115;53;115;48;113;47;114;46;114
43;96;43;101;43;106;44;111;45;115;47;121;48;125;49;129;52;129;56;129;62;126;67;123;72;118;76;110;76;101;76;91;76;82;38;88;38;85;39;83;40;82;42;83;47;79;50;75;54;73;59;74;63;77;45;89;44;94;43;99;42;104;43;107;44;109;45;109;47;107;49;106;40;93;41;91;43;90;45;92;43;93;41;94;52;88;53;84;56;83;59;84;57;87;54;88;46;118;45;115;45;114;46;114;47;112;50;112;54;114;51;114;49;115;47;115;46;116;46;117;46;117;45;116;46;115;48;115;54;114;48;112;47;113;46;113
41;97;41;101;41;107;43;112;44;116;46;121;48;124;49;128;52;128;56;127;62;125;67;122;72;117;75;110;76;100;75;90;74;81;37;88;38;85;39;83;41;82;43;83;46;79;50;75;54;72;58;73;63;76;45;89;45;94;44;99;44;104;44;108;45;110;47;110;49;108;50;107;41;94;41;91;43;90;45;92;43;94;41;95;52;88;53;83;56;82;58;84;57;86;54;88;46;118;46;116;46;114;47;115;48;113;50;113;54;114;51;114;49;115;48;115;47;116;47;117;47;118;46;117;47;116;49;115;53;115;49;112;47;112;46;113
40;97;40;101;40;106;42;111;44;116;45;121;47;124;49;128;52;129;56;128;61;126;67;123;72;118;75;110;76;101;75;90;74;82;37;88;37;84;39;82;40;82;43;82;47;79;50;74;54;72;59;72;63;76;45;89;45;94;45;99;44;104;44;109;45;110;47;110;49;109;50;107;40;93;41;90;43;90;45;92;43;94;41;94;52;88;54;83;56;82;59;83;57;87;54;88;46;120;46;117;46;115;47;115;48;114;50;115;54;115;51;115;49;115;48;115;47;115;47;117;47;119;47;118;47;118;49;117;53;115;49;112;47;112;47;112
40;98;40;101;40;107;42;112;43;117;45;121;46;125;49;128;51;129;55;129;61;126;67;123;72;118;75;111;76;101;76;92;75;82;37;88;37;84;39;82;41;82;43;82;47;79;50;74;54;71;59;72;63;75;45;89;45;94;45;99;44;104;44;109;45;110;47;110;49;109;50;107;40;93;41;90;43;90;45;92;43;94;41;95;52;88;54;83;56;82;59;83;57;86;54;88;46;120;46;117;46;115;47;115;48;114;50;114;54;115;51;114;49;114;48;115;47;116;47;117;47;119;47;118;47;118;49;117;53;115;49;112;47;112;47;113
40;98;40;102;40;107;42;112;43;117;45;121;47;125;49;128;52;129;56;128;61;126;67;123;72;118;75;110;76;101;76;91;75;82;37;86;38;84;39;82;41;82;43;82;47;79;50;74;54;71;58;71;63;74;45;89;45;94;45;99;44;103;44;109;45;110;47;110;49;109;50;107;40;93;41;90;43;90;45;92;43;94;41;95;52;88;53;83;56;82;58;84;57;87;54;88;46;120;46;117;46;115;47;115;48;114;50;114;54;116;51;115;49;115;48;115;47;116;47;118;47;119;47;118;47;118;49;117;53;115;49;112;48;113;47;113
40;97;40;101;40;107;42;112;44;116;45;121;47;124;49;127;52;128;56;127;61;125;67;122;72;117;75;109;76;99;75;90;74;81;37;86;37;83;39;82;40;82;43;82;47;79;50;74;54;71;58;71;63;74;45;89;45;94;45;99;44;103;44;109;45;110;47;110;49;109;50;107;40;93;41;90;43;90;45;92;43;94;41;94;52;88;54;83;56;82;59;83;57;87;54;88;46;120;46;117;46;115;47;115;48;114;51;115;54;116;51;115;49;115;48;116;47;117;47;118;47;119;47;118;48;118;49;117;53;116;49;112;48;113;47;114
