78;145;77;149;77;154;78;159;79;164;80;169;81;173;82;178;85;181;88;181;91;179;94;176;98;171;100;165;101;159;101;152;101;145;79;139;79;138;80;139;81;140;81;141;85;143;86;141;89;141;91;142;93;143;83;146;82;149;82;152;81;156;81;159;82;159;82;160;84;160;85;159;80;144;80;143;81;143;82;145;81;145;80;145;86;147;87;145;89;145;90;146;89;148;87;148;82;166;82;165;82;164;83;165;84;164;86;165;88;167;86;170;84;171;83;170;82;170;82;168;82;166;82;165;83;166;84;166;87;167;84;168;83;168;82;167
85;148;84;151;84;154;84;157;85;160;85;164;85;168;85;172;87;174;90;175;93;173;97;170;99;167;102;162;102;156;102;150;102;145;84;142;84;142;84;143;84;143;84;144;85;143;87;142;89;140;91;141;93;143;85;146;84;149;83;152;82;155;83;156;83;157;84;158;85;157;86;157;84;147;84;146;85;146;85;147;85;147;84;147;88;147;89;145;90;145;91;146;90;147;89;147;83;159;83;159;83;159;84;160;85;160;88;160;90;161;88;164;85;165;85;165;84;164;83;162;83;160;84;160;84;161;85;161;90;161;85;164;84;164;83;163
76;145;76;150;76;155;77;160;78;165;79;170;81;174;83;178;86;180;89;180;93;178;96;174;99;170;100;164;101;158;102;151;102;145;77;138;78;137;79;137;81;138;82;140;86;140;88;140;90;140;93;140;94;143;84;145;84;148;83;150;83;153;82;156;83;158;84;158;85;158;86;157;79;143;80;142;81;143;82;144;81;145;80;144;88;145;89;144;90;144;92;145;90;147;89;147;83;165;83;163;84;162;85;162;85;162;87;164;89;167;87;169;85;169;85;169;84;168;83;167;83;165;84;164;85;164;85;165;88;166;85;166;85;166;84;165
81;145;81;148;81;152;81;156;82;160;83;165;84;170;85;173;86;176;90;177;93;176;96;173;99;168;101;163;103;157;103;151;103;145;80;139;81;138;81;138;82;139;83;140;86;141;89;140;91;139;94;140;96;143;85;145;84;148;84;150;83;153;83;156;84;156;84;157;85;157;86;156;81;144;82;143;83;143;84;145;83;145;82;145;89;145;90;144;92;144;93;145;92;147;90;147;84;164;84;162;84;161;85;161;85;161;87;162;90;166;88;168;86;169;85;168;84;167;84;166;85;164;84;162;85;162;85;163;89;165;85;166;85;166;84;165
84;145;83;148;82;153;83;157;83;162;84;167;85;173;85;177;87;180;90;180;94;178;97;175;101;171;103;166;104;160;105;154;105;148;84;138;85;138;85;138;86;139;86;140;89;141;90;140;93;140;95;141;97;143;87;145;86;148;85;150;85;152;85;156;85;156;86;157;87;157;88;157;85;144;85;143;86;143;87;145;86;145;85;145;90;146;91;145;93;145;94;146;93;147;91;147;85;163;85;161;85;160;86;161;87;161;89;162;91;166;89;168;87;169;86;169;85;168;85;166;85;163;85;162;86;162;87;163;90;165;87;167;86;166;85;165
81;146;80;150;80;154;81;159;81;163;82;167;84;172;85;176;87;178;90;178;94;177;98;174;101;170;103;165;104;159;105;153;105;147;81;139;81;137;82;137;84;138;85;140;88;140;90;140;93;139;95;140;98;143;86;145;86;147;85;149;85;151;85;156;85;156;86;156;87;156;88;156;82;144;83;143;84;143;85;144;84;145;83;145;90;145;92;144;93;145;95;146;93;147;91;147;85;165;85;161;85;160;86;160;87;160;89;162;91;166;89;167;87;167;86;167;85;167;85;165;85;164;86;162;86;162;87;163;90;165;87;165;86;165;85;164
81;145;81;149;81;154;81;159;81;163;82;167;84;172;85;176;88;178;91;178;95;176;99;173;102;170;104;165;105;159;106;152;106;146;81;138;82;137;83;137;84;137;85;139;89;140;91;140;94;139;96;141;99;143;87;144;87;146;86;148;86;151;85;155;85;156;86;156;88;156;89;156;83;143;83;141;85;142;85;143;84;144;83;144;91;145;92;144;94;144;96;146;94;147;92;146;85;164;86;161;86;160;87;160;88;160;90;162;92;165;90;167;88;167;87;167;86;166;86;165;86;163;86;162;87;162;88;162;91;165;88;165;87;164;86;163
89;143;88;146;87;150;87;154;87;158;87;162;87;168;87;173;89;176;92;177;96;176;99;173;103;170;106;166;108;160;108;154;108;148;89;137;89;137;90;137;90;138;90;140;92;140;94;139;96;139;99;141;100;143;90;144;90;146;88;148;87;151;87;154;88;155;88;156;90;156;90;156;89;143;89;142;90;143;90;144;90;144;89;143;94;145;95;144;96;145;98;146;96;147;95;146;88;162;87;159;88;159;88;159;89;159;91;162;93;165;91;167;89;167;88;167;88;166;87;164;88;162;88;161;88;162;89;162;93;165;89;165;88;165;88;164
87;142;86;145;85;150;85;154;85;159;85;164;85;170;86;174;88;177;91;178;95;177;99;175;103;172;105;167;107;162;108;156;108;150;88;136;89;135;90;135;90;136;91;138;93;139;95;138;98;139;99;141;101;144;91;143;90;145;90;148;88;151;88;154;88;155;89;156;90;156;91;156;89;142;90;141;90;141;91;143;90;143;89;143;94;145;95;144;97;145;98;146;96;146;95;146;88;162;87;159;88;159;89;159;90;159;91;162;93;165;91;166;89;165;88;165;88;165;87;163;88;162;88;160;89;161;90;162;93;165;89;163;89;162;88;162
87;142;86;145;85;149;85;154;85;159;85;164;86;169;86;174;89;176;92;178;96;177;100;175;103;171;106;167;108;162;109;156;110;150;88;136;89;136;90;136;90;137;91;139;94;140;96;139;99;140;101;142;102;145;92;143;91;145;90;148;89;151;88;154;89;154;89;155;90;156;91;156;89;141;90;140;90;141;91;143;90;143;89;143;95;145;96;144;98;145;99;147;98;147;96;146;88;162;88;159;89;159;89;159;90;159;92;162;94;165;91;166;90;165;89;165;88;164;88;162;88;162;88;160;89;161;90;162;93;165;90;163;89;162;88;162
87;142;86;145;85;150;85;155;85;159;85;165;85;170;86;174;89;177;92;178;95;178;99;176;103;172;106;168;108;163;108;157;109;151;88;136;89;135;90;136;91;137;91;139;94;140;96;139;99;140;100;142;102;145;92;143;91;145;90;148;89;151;88;154;89;154;89;155;90;156;91;156;89;141;90;140;90;141;91;143;90;143;89;143;95;145;96;145;98;145;99;147;97;147;96;146;88;162;88;159;88;159;89;159;90;159;92;162;93;166;91;166;90;165;89;165;88;164;88;162;88;162;88;161;89;161;90;162;93;165;90;163;89;162;88;162
