89;159;90;166;91;173;92;181;95;187;99;191;102;195;106;197;109;196;112;193;113;189;114;184;115;178;116;173;117;167;117;161;117;154;95;154;97;151;100;149;103;149;106;150;111;149;113;147;114;145;116;145;117;146;109;155;110;159;110;163;111;167;108;172;109;172;111;173;112;171;113;170;99;159;100;158;102;157;104;157;102;159;100;160;111;155;112;154;114;154;115;154;114;155;113;156;104;184;107;181;109;178;111;178;112;178;112;178;113;180;112;183;112;185;111;186;109;187;107;186;106;183;109;181;111;181;112;180;112;180;112;181;111;182;109;183
89;159;90;167;90;174;92;181;95;187;99;191;102;195;106;197;109;196;112;194;112;189;114;184;115;178;116;173;117;167;117;161;117;155;95;154;97;151;100;149;103;149;106;150;111;149;112;147;114;145;116;145;117;146;109;155;109;159;110;163;111;167;107;172;109;173;111;173;112;171;113;170;99;159;100;158;102;157;103;157;102;159;100;159;111;155;112;154;114;154;115;154;114;155;113;156;104;184;107;181;109;178;110;178;111;178;112;178;112;180;112;183;112;185;111;186;109;187;107;186;105;183;109;181;110;181;111;180;112;180;112;181;111;183;109;183
85;157;86;165;87;172;89;178;92;184;95;188;99;192;103;194;106;194;109;192;111;187;112;182;113;176;114;170;114;163;115;157;114;151;91;149;94;146;96;145;99;144;102;145;108;144;110;143;111;141;113;141;114;143;106;151;106;154;107;158;108;162;104;167;106;168;108;168;109;167;110;166;94;155;97;154;99;154;100;154;99;155;97;156;108;151;110;151;112;151;112;151;112;152;110;153;101;179;103;176;106;174;108;175;108;173;110;174;111;176;110;179;109;181;108;181;106;182;103;181;102;178;106;177;108;177;108;176;110;176;108;178;108;178;106;178
85;158;86;165;87;171;89;178;92;184;95;188;99;192;103;194;106;194;109;192;111;187;112;182;113;176;114;170;114;163;115;157;114;151;91;149;94;146;96;145;99;144;102;145;108;145;110;143;112;141;113;141;114;143;106;151;106;154;107;158;108;162;104;167;106;168;108;168;109;167;110;166;95;155;97;154;99;153;100;154;99;155;97;156;108;151;110;151;112;151;112;151;112;152;110;153;101;179;103;176;106;174;108;175;108;174;110;174;111;176;110;179;109;181;108;181;106;182;103;181;102;178;106;177;108;177;108;176;110;176;108;178;108;178;106;178
83;156;84;163;85;170;86;177;89;183;92;187;96;191;99;194;103;194;106;192;108;187;110;182;111;176;112;170;112;163;112;157;112;151;88;150;90;146;93;145;96;145;99;145;105;145;107;143;109;141;111;142;112;144;103;151;103;155;103;159;104;163;100;168;102;168;104;169;105;167;107;166;91;156;93;154;95;154;97;154;95;156;94;156;105;152;107;151;108;151;110;151;109;153;107;153;98;179;100;176;103;175;104;175;105;174;107;175;108;177;107;179;106;181;104;182;103;182;100;181;99;179;103;177;104;177;105;176;107;177;105;178;104;178;103;179
83;156;84;164;85;170;86;177;89;183;92;188;96;192;99;194;103;194;106;192;108;187;110;182;111;176;112;170;112;163;112;156;112;151;88;149;90;146;93;145;96;145;99;145;105;145;107;143;109;141;111;142;112;144;103;151;103;155;103;159;104;163;100;168;102;169;104;169;105;167;107;166;91;155;93;154;95;154;97;154;95;156;94;156;105;152;107;151;108;151;110;151;109;153;107;153;98;179;100;176;103;175;104;175;105;174;107;175;108;177;107;180;106;181;104;182;103;182;100;181;99;179;103;177;104;177;105;176;107;177;105;178;104;178;103;179
82;158;82;165;83;172;85;179;87;185;90;190;94;194;97;197;101;198;103;195;106;191;108;186;109;179;111;173;111;166;112;159;112;153;86;153;88;150;91;149;94;149;97;151;103;149;105;147;108;145;109;145;111;148;100;156;101;159;101;164;102;168;98;173;100;173;102;174;103;173;104;171;90;159;91;159;93;158;95;158;94;159;91;160;103;156;105;155;107;155;109;155;108;156;106;157;95;184;98;181;100;179;101;180;103;178;104;179;106;181;104;184;103;186;102;187;100;187;98;186;96;183;100;182;101;182;103;181;105;181;103;182;101;183;100;183
82;158;82;165;83;172;85;179;87;185;90;190;94;194;97;197;101;198;103;195;106;191;108;186;109;179;111;173;111;166;112;159;112;153;86;153;88;150;91;149;94;149;97;151;103;149;105;147;108;145;109;145;111;148;100;156;101;159;101;164;102;168;98;173;100;173;102;174;103;173;104;171;90;159;91;159;93;158;95;158;94;159;91;160;103;156;105;155;107;155;109;155;108;156;106;157;95;184;98;181;100;179;101;180;103;178;104;179;106;181;104;184;103;186;102;187;100;187;98;186;96;183;100;182;101;182;103;181;105;181;103;182;101;183;100;183
81;159;81;167;83;174;84;181;87;187;90;192;93;196;97;199;101;199;103;197;106;192;108;187;109;181;110;173;111;167;111;159;111;153;85;154;87;151;90;150;93;150;96;151;103;150;104;147;107;145;108;145;110;148;100;156;100;159;101;164;101;168;98;173;99;173;101;174;103;173;104;171;89;160;90;159;92;159;94;159;93;160;91;161;103;156;105;156;107;155;108;155;107;157;105;157;95;184;97;182;99;181;101;181;103;180;104;180;105;182;104;185;103;187;101;187;100;187;98;187;96;184;99;183;101;183;103;182;104;182;103;183;101;184;99;184
81;159;82;167;83;174;84;181;87;187;90;192;93;196;97;199;101;198;104;196;106;192;108;187;109;180;110;173;111;166;111;159;111;153;85;154;87;151;90;150;93;150;96;151;103;150;104;147;107;145;108;145;110;148;100;156;100;159;101;164;101;168;98;173;99;173;101;174;103;173;104;171;89;160;90;159;93;159;94;159;93;160;91;161;103;156;105;156;107;156;108;155;107;157;105;157;95;184;97;182;99;181;101;181;102;180;104;180;105;182;104;185;103;187;101;187;100;187;98;187;96;184;99;183;101;183;103;182;104;182;103;183;101;184;99;184
81;159;81;166;83;173;84;180;87;186;90;191;94;194;97;197;101;197;104;195;106;189;108;184;109;178;110;171;110;165;110;159;110;152;85;154;87;150;90;148;93;148;96;148;102;148;104;145;106;143;108;143;109;146;99;154;100;157;101;161;102;165;98;170;99;171;101;171;103;170;104;169;88;159;90;157;92;156;94;156;93;158;90;159;103;154;104;154;106;153;108;153;107;155;105;155;95;182;98;179;100;178;101;178;103;177;104;178;105;179;104;182;103;184;102;184;100;185;98;184;96;182;100;180;101;180;103;179;104;179;103;180;101;181;100;181
81;159;82;166;83;173;85;180;87;186;90;190;94;194;97;197;101;196;104;194;106;189;108;184;109;178;110;171;110;165;110;158;110;152;85;153;87;150;90;148;93;148;96;148;102;148;104;145;106;143;108;143;109;146;99;154;100;157;101;161;101;165;98;170;99;171;101;171;103;170;104;169;88;158;90;157;92;156;94;156;93;158;90;159;103;154;104;153;106;153;108;153;107;155;105;155;95;182;98;179;100;178;101;178;103;177;104;177;106;179;104;182;103;184;102;184;100;184;98;184;96;182;100;180;101;180;103;179;105;179;103;180;101;181;100;181
80;159;81;166;82;173;84;180;86;186;90;190;93;194;97;196;101;196;103;194;106;189;108;184;109;178;109;171;110;165;110;159;109;152;85;154;86;150;90;148;93;148;96;148;102;148;103;145;106;143;108;143;109;146;99;154;100;157;100;161;101;165;98;170;99;171;101;171;103;170;103;169;88;158;90;157;92;156;94;156;92;158;90;159;102;154;104;153;106;153;107;153;106;155;104;155;95;182;98;179;100;178;101;178;103;177;104;177;105;179;104;182;103;184;102;184;100;184;98;184;96;181;100;180;101;180;103;179;104;179;103;180;101;181;100;181
80;159;81;166;82;173;84;180;86;186;90;190;93;194;97;196;101;196;103;194;106;189;108;184;109;178;109;171;110;165;110;159;109;152;85;154;86;150;90;148;93;148;96;148;102;148;103;145;106;143;108;143;109;146;99;154;100;157;100;161;101;165;98;170;99;171;101;171;103;170;103;169;88;158;90;157;92;156;94;156;92;158;90;159;102;154;104;153;106;153;107;153;106;155;104;155;95;182;98;179;100;178;101;178;103;177;104;177;105;179;104;182;103;184;102;184;100;184;98;184;96;181;100;180;101;180;103;179;104;179;103;180;101;181;100;181
80;160;81;167;82;175;84;181;86;187;90;192;93;195;97;198;101;198;103;195;106;191;107;186;108;179;109;173;110;166;110;160;110;154;85;155;87;152;90;151;93;151;95;151;102;150;103;148;105;146;108;145;109;148;99;156;100;160;100;165;101;169;98;173;99;174;101;174;103;173;103;171;88;161;90;160;92;159;94;159;92;161;90;162;102;156;104;156;106;155;107;155;106;156;104;157;95;184;97;181;99;180;101;180;102;179;103;180;105;181;104;184;103;187;101;187;100;187;98;187;96;184;99;183;101;182;103;181;104;181;103;183;101;184;99;184
80;161;81;167;82;175;84;181;86;187;90;192;93;195;97;198;101;198;103;195;106;191;108;186;109;179;109;173;110;166;110;159;109;154;85;155;87;152;90;151;92;151;95;151;102;150;103;147;106;145;108;145;109;148;99;156;100;160;100;165;101;169;98;173;99;174;101;174;102;173;103;172;88;161;90;160;92;159;94;159;92;161;90;162;102;156;104;156;105;155;107;155;106;157;104;157;95;185;97;182;99;180;101;181;102;179;103;180;105;181;104;184;103;186;101;187;100;187;97;187;96;184;99;183;101;183;103;182;104;181;103;183;101;184;99;184
80;162;81;169;82;176;84;183;86;189;90;193;93;196;97;198;101;198;103;197;105;192;107;187;108;180;109;173;110;167;110;160;109;154;85;156;86;153;89;151;92;151;95;152;101;151;103;148;105;146;108;145;109;148;99;156;99;160;100;165;101;169;97;173;99;174;101;175;102;173;103;172;88;162;90;160;92;159;94;159;92;162;90;162;102;157;103;156;105;156;107;156;106;157;104;158;94;185;97;182;99;181;101;181;102;180;103;180;105;182;104;185;103;187;101;187;99;187;97;187;96;184;99;183;101;183;102;182;104;182;103;183;101;184;99;184
80;162;81;169;82;176;84;183;86;189;90;193;93;196;97;199;101;198;103;197;105;192;107;187;108;180;109;173;110;167;110;160;109;154;85;156;86;152;89;151;92;151;95;152;101;151;103;148;105;146;108;145;109;148;99;156;99;160;100;165;101;169;97;173;99;174;101;175;102;173;103;172;88;162;90;160;92;159;94;159;92;162;90;162;102;157;103;156;105;156;107;156;106;157;104;158;94;185;97;182;99;181;101;181;102;180;103;180;105;182;104;185;103;187;101;187;99;188;97;187;96;184;99;183;101;183;102;182;104;182;103;183;101;184;99;184
80;161;81;168;82;176;84;182;86;187;90;192;94;195;97;198;101;198;104;195;106;191;108;185;109;178;109;172;109;165;110;159;109;152;84;154;86;151;89;150;92;149;95;151;101;148;103;146;105;145;107;144;108;147;99;154;99;159;100;162;101;167;97;172;99;173;101;173;102;171;103;170;88;160;90;159;91;158;94;158;92;160;90;161;102;155;103;154;105;154;107;154;106;156;104;156;95;184;97;181;99;179;101;179;102;178;104;178;105;181;104;184;103;185;101;186;100;187;98;186;96;184;99;181;101;181;103;181;104;181;103;181;101;182;99;183
80;161;81;168;82;175;84;182;86;187;90;192;93;195;97;198;101;198;103;195;106;191;108;185;109;178;109;172;109;165;109;159;109;152;84;154;86;151;89;150;92;149;95;151;101;148;103;146;105;145;107;145;108;147;99;155;99;159;100;162;101;167;97;172;99;173;101;173;102;171;103;170;88;160;90;159;91;158;94;158;92;159;90;161;102;155;103;154;105;154;107;154;105;156;104;156;95;184;97;181;99;178;101;179;102;178;103;178;105;181;104;184;103;185;101;186;99;187;97;186;96;184;99;181;101;181;102;181;104;181;103;181;101;183;99;183
80;160;81;167;82;174;84;181;86;187;90;192;93;195;97;198;101;198;103;195;106;190;108;185;108;178;109;172;109;165;109;159;109;152;84;154;86;151;89;150;92;149;95;151;101;148;103;146;105;144;107;144;109;146;99;155;99;159;100;163;101;167;97;172;99;173;101;173;102;171;103;170;88;160;90;159;91;158;94;158;92;159;90;161;102;155;103;154;105;154;107;154;106;156;104;156;95;184;97;181;99;179;101;179;102;178;103;178;105;181;104;183;103;185;101;186;99;186;97;186;96;184;99;181;101;181;102;181;104;181;103;181;101;182;99;183
80;160;81;167;82;174;84;181;86;187;90;192;93;195;97;198;101;198;103;195;106;190;108;185;109;178;109;171;109;165;110;158;109;151;84;154;86;151;89;150;92;149;95;151;101;148;103;146;105;144;107;144;108;146;99;154;99;159;100;163;101;167;97;172;99;173;101;173;102;171;103;170;88;160;90;159;91;158;94;158;92;160;90;161;102;155;103;154;105;154;107;154;106;156;104;156;95;184;97;181;99;179;101;179;102;178;103;178;105;181;104;184;103;185;101;186;99;187;97;186;96;184;99;181;101;181;102;181;104;181;103;181;101;182;99;183
81;161;81;168;82;176;84;182;86;188;90;193;93;197;97;199;101;199;103;196;106;192;108;186;108;180;109;173;110;167;110;160;109;154;85;156;87;153;90;151;92;151;95;152;102;151;103;148;105;146;108;146;109;148;99;157;100;161;100;165;101;170;98;174;99;175;101;175;102;173;103;172;88;162;90;161;92;160;94;159;92;162;90;162;102;157;104;156;105;156;107;156;106;157;104;158;95;185;97;182;99;181;101;181;102;180;103;181;105;182;104;185;103;187;101;188;100;188;97;187;96;185;99;184;101;183;103;182;104;182;103;184;101;184;99;184
81;161;81;168;82;176;84;182;86;188;90;193;93;197;97;199;101;199;103;196;106;192;108;186;108;180;109;173;110;167;110;160;109;154;85;156;87;153;90;151;92;151;95;152;102;151;103;148;105;146;108;146;109;148;99;157;100;161;100;165;101;170;98;174;99;175;101;175;102;173;103;172;88;162;90;161;92;160;94;159;92;162;90;162;102;157;104;156;105;156;107;156;106;157;104;158;95;185;97;182;99;181;101;181;102;180;103;181;105;182;104;185;103;187;101;188;100;188;97;187;96;185;99;184;101;183;103;182;104;182;103;184;101;184;99;184
81;162;81;170;83;177;84;184;87;189;90;194;94;198;97;200;101;200;104;198;106;192;108;187;109;181;109;174;110;167;110;161;110;154;85;157;87;154;90;153;93;153;95;154;102;152;103;150;106;148;108;148;109;149;99;159;100;162;100;167;101;171;98;176;99;176;101;176;103;175;103;173;88;163;90;162;92;161;94;161;92;163;90;164;102;159;104;157;106;157;107;156;106;159;104;159;95;187;98;184;99;182;101;182;102;181;103;182;105;184;104;187;103;188;101;189;100;189;98;189;96;187;100;184;101;184;103;184;104;184;103;185;101;186;100;186
81;162;81;170;82;177;84;184;87;189;90;194;94;198;97;200;101;200;103;198;106;192;107;187;108;181;109;174;110;167;110;161;110;154;85;157;87;154;90;153;93;153;95;154;102;152;103;150;105;148;108;147;109;149;99;158;100;162;100;167;101;171;98;176;99;176;101;176;103;175;103;173;88;163;90;162;92;161;94;161;92;163;90;164;102;159;104;157;106;157;107;156;106;159;104;159;95;187;98;184;99;182;101;182;102;181;103;182;105;184;104;187;103;189;101;189;100;189;98;189;96;187;99;184;101;184;103;184;104;184;103;185;101;186;100;186
81;162;81;170;82;177;84;184;87;189;90;194;94;198;98;200;101;199;104;197;106;192;108;187;109;180;110;173;110;167;110;161;110;154;85;156;87;154;90;152;93;151;95;152;102;151;104;148;106;146;108;146;109;148;99;157;100;161;101;165;102;170;98;174;99;175;101;176;103;174;104;173;88;162;90;161;92;160;94;160;92;162;90;163;103;157;104;156;106;156;108;156;106;158;104;158;95;186;98;183;99;181;101;181;103;181;104;181;105;183;104;185;103;187;102;188;100;189;98;188;96;186;100;184;101;184;103;183;104;183;103;184;101;185;100;185
80;162;81;170;82;177;84;184;87;189;90;194;94;197;97;200;101;199;104;197;106;192;108;187;109;180;110;173;110;167;110;160;110;154;85;156;87;154;90;152;93;151;95;153;102;151;104;148;106;147;108;146;109;148;99;157;100;161;101;165;102;170;98;174;99;175;101;176;103;174;104;173;88;162;90;161;92;160;94;160;92;162;90;162;103;157;104;156;106;156;108;156;106;158;104;158;95;186;98;183;100;181;101;181;103;181;104;181;105;183;104;186;103;187;102;188;100;189;98;188;96;186;100;184;101;184;103;183;104;183;103;184;101;185;100;185
81;161;81;168;83;176;85;182;87;188;90;193;94;196;98;198;101;198;104;196;106;191;108;186;109;179;110;173;110;166;110;159;110;153;85;156;87;152;90;151;93;151;96;151;102;150;103;147;106;145;108;145;109;148;99;156;100;160;101;164;102;168;98;173;99;173;101;174;103;173;104;171;89;161;90;160;92;159;94;159;93;160;90;162;103;156;104;155;106;155;107;155;106;156;104;156;95;184;98;181;100;180;101;180;103;179;104;179;105;181;104;184;103;186;102;187;100;187;98;187;96;184;100;182;101;182;103;181;104;181;103;182;101;184;100;184
81;161;81;168;83;176;85;182;87;188;90;192;94;196;98;198;101;198;104;196;106;191;108;186;109;179;110;173;110;166;110;159;110;153;85;155;87;152;90;151;93;151;96;151;102;150;103;147;106;145;108;145;109;148;99;156;100;159;101;164;102;168;98;173;99;173;101;174;103;173;104;171;89;161;90;160;92;159;94;159;93;161;91;162;103;156;104;155;106;155;107;155;106;156;104;157;95;185;98;181;100;180;101;180;103;179;104;179;105;181;104;184;103;187;102;187;100;187;98;187;96;184;100;182;101;182;103;181;104;181;103;183;101;184;100;184
81;161;81;168;83;176;85;182;87;188;90;192;94;196;98;198;101;198;104;196;106;191;108;186;109;179;110;173;110;166;110;159;110;153;85;155;87;152;90;151;93;151;96;151;102;150;104;147;106;145;108;145;109;147;99;156;100;160;101;164;102;168;98;173;99;173;102;174;103;173;104;171;89;161;90;160;92;159;94;159;93;161;91;162;103;156;104;155;106;155;108;154;106;156;104;156;95;184;98;181;100;180;101;180;103;179;104;179;105;181;104;184;103;187;102;187;100;187;98;187;97;184;100;182;101;182;103;181;104;181;103;183;102;184;100;184
81;161;81;168;83;176;85;182;87;188;90;192;94;196;98;198;101;198;104;196;106;191;108;186;109;179;110;173;110;166;110;159;110;153;85;155;87;152;90;151;93;151;96;151;102;150;104;147;106;145;108;145;109;147;99;156;100;160;101;164;102;168;98;173;99;173;102;174;103;173;104;171;89;161;90;160;92;159;94;159;93;161;91;162;103;156;104;155;106;155;108;154;106;156;104;156;95;184;98;181;100;180;101;180;103;179;104;179;105;181;104;184;103;187;102;187;100;187;98;187;97;184;100;182;101;182;103;181;104;181;103;183;102;184;100;184
81;162;82;168;83;176;85;183;87;189;90;193;94;197;98;199;102;199;104;196;106;191;108;186;109;179;110;173;110;166;110;159;110;154;85;156;87;153;90;151;93;151;96;152;102;151;104;148;106;146;108;146;109;148;100;156;100;161;101;165;102;169;98;174;100;174;102;175;103;173;104;172;89;162;90;161;93;159;94;159;93;162;91;162;103;157;104;156;106;156;108;156;107;157;105;158;95;185;98;182;100;181;102;181;103;180;104;180;105;182;104;185;103;187;102;187;100;188;98;187;97;185;100;183;102;183;103;182;104;182;103;183;102;184;100;184
81;162;82;169;83;176;85;183;87;189;90;193;94;197;98;199;102;199;104;196;106;192;108;187;109;180;110;173;110;167;110;160;110;154;85;156;87;153;90;151;93;151;96;152;102;151;104;148;106;146;108;146;109;148;100;156;100;161;101;165;102;169;98;174;100;174;102;175;103;173;104;172;89;162;91;160;93;159;94;159;93;162;91;162;103;157;104;156;106;156;108;156;107;157;105;158;95;185;98;182;100;181;102;181;103;180;104;180;105;182;105;185;103;187;102;188;100;188;98;187;97;185;100;183;102;183;103;182;104;182;103;183;102;184;100;184
81;162;82;168;83;176;85;183;87;189;90;193;94;197;98;200;102;200;104;197;107;192;108;187;109;180;110;173;110;166;111;160;110;154;85;156;88;153;90;151;94;151;96;152;102;151;104;148;106;146;108;146;109;148;100;156;100;160;101;165;102;169;99;174;100;174;102;175;103;173;104;172;89;161;91;160;93;159;95;159;93;161;91;162;103;156;105;156;106;156;108;156;107;157;105;157;96;186;98;183;100;181;102;181;103;180;105;181;106;183;105;186;103;188;102;189;101;189;98;188;97;186;100;184;102;183;103;182;105;183;103;184;102;185;100;186
