96;150;96;156;96;163;97;169;99;175;101;180;104;185;107;189;110;189;112;188;114;184;116;180;117;176;119;170;120;165;121;160;121;155;102;151;104;151;107;151;109;152;112;154;115;154;117;153;118;151;120;151;121;152;113;158;113;162;114;166;114;170;110;172;112;173;113;173;114;173;116;172;105;156;107;156;108;156;109;158;108;159;106;158;115;158;117;157;118;157;119;158;118;159;117;159;108;177;110;177;112;176;112;177;113;177;114;177;115;178;114;181;113;182;112;182;111;182;109;180;108;178;112;178;112;178;113;178;114;178;113;179;112;179;111;179
97;153;97;159;97;165;98;171;99;177;102;181;104;186;107;189;110;189;112;189;114;185;115;181;117;176;118;172;119;167;119;162;120;157;101;154;103;152;106;152;108;154;111;155;114;156;116;154;117;153;119;152;120;154;112;159;112;163;112;167;113;171;109;173;111;173;112;174;113;173;114;172;104;159;105;158;107;158;108;159;107;160;105;159;114;159;116;158;117;158;118;159;117;160;116;160;107;178;108;177;111;177;112;178;112;177;113;177;114;178;113;181;112;183;111;183;110;183;108;181;108;178;111;178;112;179;112;178;114;178;112;180;112;180;110;180
96;154;96;160;97;166;98;172;99;177;101;181;104;186;107;189;109;189;112;188;113;184;114;180;116;176;117;171;118;166;118;162;118;156;100;155;103;154;105;154;108;154;110;156;112;156;114;155;116;154;118;153;119;154;111;159;112;164;112;167;112;172;108;173;110;174;111;175;112;174;114;173;103;159;104;159;106;159;108;159;106;160;104;160;113;159;115;159;116;159;117;159;116;160;115;160;106;178;108;178;110;177;111;178;112;177;113;177;113;178;113;181;112;183;111;183;109;183;108;181;107;178;110;178;111;179;112;178;113;178;112;180;111;181;110;180
95;152;95;159;96;165;97;170;98;176;100;181;103;185;105;189;108;189;111;189;112;184;114;180;116;176;117;171;118;166;118;161;119;156;99;154;101;153;104;153;107;154;109;156;112;156;114;155;116;154;118;153;119;154;111;159;111;164;111;167;111;172;108;173;109;173;110;175;112;174;112;173;102;159;104;159;105;159;107;159;105;160;103;160;112;159;114;159;116;159;117;159;116;160;114;160;105;178;107;178;109;177;110;178;111;177;112;177;113;178;112;181;111;183;110;184;108;184;107;181;106;178;109;178;110;179;111;178;112;178;111;180;110;181;108;181
94;154;95;159;95;165;96;171;98;176;99;181;102;185;104;189;107;189;110;189;111;185;112;181;114;176;116;172;117;167;117;162;117;157;99;154;101;153;103;153;106;154;108;155;112;156;113;154;115;154;117;153;118;154;110;159;110;163;110;167;110;172;107;173;108;173;110;174;111;173;112;173;102;159;103;159;105;159;106;159;105;160;103;160;112;159;113;159;115;159;116;159;115;160;113;160;104;178;106;177;108;177;109;178;110;177;111;177;112;178;111;181;110;183;109;184;108;183;106;181;105;178;108;178;109;178;110;178;111;178;110;180;109;181;108;180
94;154;94;159;94;165;95;171;97;176;99;181;101;185;104;189;107;189;109;188;111;184;112;180;114;176;115;171;116;167;116;162;116;156;99;154;100;153;103;153;105;154;108;155;111;155;112;154;114;153;116;152;117;154;109;159;109;163;110;167;110;172;107;173;108;173;109;174;111;173;112;172;101;159;103;158;104;158;105;159;104;160;103;160;112;159;112;158;114;158;115;159;114;159;113;159;104;178;106;177;108;177;109;177;110;177;111;177;112;178;111;181;110;182;108;183;108;183;106;181;105;178;108;178;109;178;110;178;111;178;110;179;109;180;108;180
94;153;94;159;94;165;95;170;96;176;99;181;101;185;103;188;107;189;109;187;111;184;112;179;113;175;115;170;116;165;116;161;116;156;98;154;100;152;103;152;105;154;108;155;110;155;112;154;113;152;115;151;117;153;109;159;109;162;109;167;109;171;106;172;108;173;109;173;110;173;111;171;101;158;102;158;104;158;105;159;103;159;102;159;111;158;112;157;113;157;114;158;113;159;112;159;103;177;105;176;107;176;108;176;109;176;110;176;111;176;110;180;109;181;108;182;107;182;105;181;104;177;107;177;108;178;109;177;111;177;109;178;108;179;107;179
93;152;93;158;93;165;94;170;95;176;98;180;100;184;103;187;106;188;108;187;110;184;111;179;112;175;114;170;115;166;116;161;116;156;98;153;100;151;102;151;105;153;107;154;110;154;112;153;113;152;115;151;116;152;108;158;108;162;109;166;109;170;106;171;107;172;108;173;110;172;111;170;100;158;102;157;103;157;105;158;103;159;102;159;110;158;112;157;113;156;114;157;113;159;112;159;103;177;105;176;107;176;108;176;109;175;110;176;110;176;110;179;109;181;108;182;107;181;105;180;104;177;107;177;108;177;109;177;110;177;109;178;108;179;107;178
92;150;92;156;93;163;94;169;95;174;98;179;100;184;103;187;106;187;109;186;110;182;112;178;113;173;114;168;115;163;116;159;116;154;97;152;99;151;102;151;104;152;107;154;110;154;112;152;113;151;115;150;116;151;108;157;108;161;108;165;109;170;105;170;107;171;108;172;109;171;110;170;100;156;101;156;103;156;104;157;103;158;101;158;110;157;112;156;113;156;114;156;113;157;112;158;103;176;105;176;107;175;108;176;108;175;110;175;110;176;110;178;108;181;108;181;106;181;105;179;104;176;107;176;108;176;108;176;110;176;108;178;108;178;107;178
92;150;92;157;92;163;93;169;94;175;97;179;99;184;103;187;106;187;108;186;110;182;111;178;112;173;114;169;115;164;115;159;115;154;97;152;99;151;102;151;104;151;107;153;110;153;111;151;113;150;115;149;116;151;108;156;108;161;108;165;109;169;105;170;107;171;108;172;109;171;110;170;99;156;101;156;103;156;104;157;103;158;101;158;110;156;111;156;112;155;114;156;113;157;112;157;103;176;104;175;106;175;108;175;108;174;109;175;110;176;109;178;108;181;107;181;106;181;104;179;103;176;106;176;108;176;108;176;109;176;108;178;108;178;106;178
91;151;91;158;92;165;93;170;94;176;97;180;99;184;103;187;106;188;108;187;109;182;111;178;112;173;113;169;114;164;114;159;114;154;97;152;99;151;102;150;104;151;107;153;109;153;111;151;112;150;114;149;115;151;108;156;108;161;109;165;109;169;105;170;107;171;108;172;109;171;110;170;99;156;101;156;103;156;104;157;103;158;101;158;110;156;111;156;112;155;113;156;112;157;111;157;103;176;104;175;107;175;108;175;108;174;109;175;110;176;109;178;108;181;107;181;106;181;104;179;103;176;106;176;108;176;108;176;109;176;108;178;108;178;106;178
90;151;91;158;91;165;92;170;94;176;97;181;99;185;103;188;106;188;108;187;109;182;111;178;112;173;113;169;114;164;114;159;114;154;96;153;99;151;101;151;104;152;106;153;109;153;111;151;112;150;114;149;115;151;108;157;108;161;108;165;109;170;105;170;107;171;108;172;109;171;110;170;99;157;101;156;103;156;104;157;102;159;100;159;110;156;111;156;112;156;113;156;112;157;111;157;102;176;104;176;107;175;108;176;108;175;109;176;110;176;109;179;108;181;107;181;106;181;104;180;103;176;107;177;108;177;108;176;109;176;108;178;108;178;106;178
90;153;91;159;91;166;92;172;94;178;97;182;100;187;103;189;106;189;109;187;110;183;111;178;112;174;113;170;114;165;114;160;114;155;96;155;98;153;101;152;103;154;106;154;109;154;111;153;112;151;114;151;115;152;108;158;108;162;108;166;109;170;105;172;107;173;108;173;109;173;110;171;99;159;100;159;102;158;103;159;102;160;100;160;109;158;111;157;112;156;113;157;112;159;111;159;103;178;105;177;107;176;108;177;108;176;109;176;110;176;110;179;109;181;108;182;107;182;104;181;103;178;107;178;108;178;109;178;110;177;109;178;108;179;107;179
90;155;90;162;91;168;92;174;94;179;96;184;99;187;102;189;105;190;108;188;109;184;110;181;112;176;112;172;113;167;114;162;114;157;96;156;98;155;101;155;103;156;106;156;109;156;110;155;112;154;113;153;115;154;108;160;108;165;108;168;108;172;105;173;106;174;108;175;109;174;110;173;99;161;100;160;102;160;103;161;102;162;100;162;109;160;110;159;112;159;112;159;112;161;110;161;102;179;104;178;106;178;107;178;108;178;108;178;109;178;108;181;108;183;107;183;106;183;104;182;103;179;106;179;107;180;108;179;108;179;108;180;107;181;106;181
90;156;90;163;91;169;92;175;94;181;97;184;100;188;103;190;106;189;108;188;109;184;110;180;112;176;112;172;113;167;113;163;113;158;96;158;98;156;100;156;103;157;106;159;108;158;110;156;112;155;113;154;114;155;107;162;108;166;108;170;108;174;105;175;106;176;108;176;109;176;110;174;99;162;100;162;102;162;103;162;102;164;100;164;109;162;110;161;112;160;112;161;112;162;110;162;102;181;104;180;106;179;107;179;108;179;108;179;109;179;108;181;108;184;107;184;106;184;104;183;103;181;106;181;107;181;108;181;108;180;108;181;107;181;106;181
90;156;90;162;91;169;92;175;94;180;96;184;99;187;103;189;105;189;108;188;108;184;110;180;111;176;112;172;113;167;113;163;113;158;95;159;98;157;100;157;103;158;106;159;108;159;109;157;111;156;113;155;114;156;107;162;107;167;108;170;108;174;104;176;106;176;107;176;108;176;109;175;99;163;100;162;102;162;103;163;102;164;100;164;108;162;110;161;111;160;112;161;111;162;110;162;102;181;104;180;106;180;107;180;108;179;108;179;109;180;108;182;108;184;107;184;105;184;103;183;103;181;106;181;107;181;108;181;108;180;108;181;107;181;106;181
90;151;90;157;90;164;91;170;93;176;95;181;98;185;101;189;104;189;107;187;108;183;109;178;111;174;112;170;112;165;113;160;113;155;94;153;97;152;100;152;102;154;104;156;108;155;109;154;111;153;112;152;114;153;106;159;106;162;107;167;107;170;103;171;104;173;106;173;107;173;108;172;97;156;99;156;101;156;102;158;101;159;99;159;108;158;109;156;111;156;112;158;111;159;109;159;101;178;103;177;105;176;106;177;107;176;108;177;108;178;107;181;106;183;105;183;104;183;103;181;102;178;104;178;105;178;107;178;107;178;107;180;105;180;104;180
