96;270;99;314;104;358;110;400;118;441;132;480;148;512;168;536;193;542;217;533;237;508;254;477;267;438;274;398;279;354;283;310;285;266;106;250;118;228;138;224;157;229;176;242;203;240;222;228;242;221;261;224;274;246;190;270;191;297;191;324;192;353;174;376;182;380;192;384;200;380;208;376;130;281;141;277;153;276;165;280;153;286;141;289;216;280;228;274;240;276;252;278;240;286;228;286;154;432;167;422;180;416;190;421;200;416;213;424;226;433;214;456;201;466;191;469;180;466;166;454;160;433;180;433;190;436;200;433;219;434;201;440;191;442;180;440
99;268;101;313;106;356;111;398;117;440;129;478;146;510;167;536;192;545;216;536;236;512;253;481;266;444;273;404;279;361;284;316;287;270;108;250;120;228;140;224;159;230;177;244;207;242;226;229;245;224;264;226;276;249;193;272;193;298;193;326;194;356;174;376;183;381;192;385;201;381;209;377;132;285;144;282;155;281;166;284;155;290;144;292;218;285;230;282;242;284;252;286;242;294;230;293;155;433;168;424;181;417;192;422;202;417;215;426;227;434;216;457;202;468;191;469;180;466;167;454;162;434;181;436;191;437;202;436;221;436;202;441;192;444;181;441
100;272;103;317;108;360;112;402;120;442;132;481;149;512;168;536;193;544;217;536;237;512;255;481;267;444;275;404;279;361;284;318;287;274;110;250;122;228;141;224;161;230;180;242;207;242;227;230;246;224;265;228;278;252;194;274;194;300;195;326;195;354;176;377;185;381;194;385;202;381;210;378;134;284;144;280;156;278;168;285;156;292;144;293;219;286;231;280;243;281;253;285;243;294;231;293;156;433;169;424;183;417;192;424;203;418;216;426;228;436;216;457;204;466;192;469;182;466;168;454;162;434;183;434;192;437;203;436;222;436;203;441;192;442;183;440
102;274;105;317;109;358;114;400;120;440;132;478;149;509;169;533;193;541;218;533;238;510;255;480;268;444;276;404;282;361;285;317;288;273;111;248;122;224;141;220;161;228;179;240;207;240;226;228;246;221;265;226;278;250;193;270;193;296;193;324;194;352;175;373;183;377;193;382;202;378;210;376;133;280;144;276;156;276;168;281;156;288;144;289;219;284;231;276;243;278;255;284;243;292;231;290;156;430;168;421;182;414;192;421;202;416;216;424;228;434;216;454;203;464;192;466;181;462;168;452;162;432;182;432;192;434;202;433;221;434;202;438;192;440;182;437
102;273;105;316;109;357;114;398;120;437;132;474;147;506;167;530;191;540;215;533;235;510;254;481;267;445;276;406;282;364;286;320;288;274;109;242;121;221;141;217;159;224;177;237;204;237;224;225;243;220;264;224;277;248;191;266;191;292;191;320;191;348;173;370;182;374;191;378;200;376;208;372;132;277;142;273;154;272;166;280;154;285;141;285;217;281;230;274;242;276;253;281;243;289;230;288;154;428;167;418;180;412;190;417;200;412;213;421;226;432;213;453;200;462;189;464;179;461;166;449;161;429;180;429;189;432;200;430;219;433;200;436;189;438;180;436
102;270;105;313;108;353;112;393;119;433;130;470;146;504;165;529;188;538;212;532;234;510;252;481;267;445;276;405;282;362;286;317;289;270;108;242;119;220;138;216;157;221;176;234;201;234;222;222;242;218;262;222;276;248;189;264;189;289;189;316;189;344;171;368;179;372;188;376;197;372;205;369;129;274;141;270;153;269;165;276;153;281;140;282;216;277;228;272;241;273;252;278;240;286;228;285;153;425;165;416;177;409;187;416;198;410;211;420;224;430;211;452;198;461;187;462;177;460;164;448;159;426;177;428;187;430;198;429;218;432;198;436;187;436;177;433
103;270;105;313;109;353;114;392;120;432;130;470;146;502;165;529;188;538;213;533;234;510;253;481;267;445;276;406;283;364;288;320;291;273;108;241;120;218;139;214;159;221;177;234;203;234;223;222;243;218;264;224;276;248;190;264;189;290;189;317;189;345;171;368;179;372;188;376;197;373;206;370;131;274;141;270;153;269;165;276;153;281;141;282;217;278;230;272;242;274;253;280;242;286;229;285;152;425;165;416;177;409;187;414;197;410;211;420;224;432;211;452;198;461;187;462;177;460;164;448;159;426;177;428;187;430;197;428;217;432;197;436;187;437;177;433
104;272;106;314;110;354;114;396;121;436;132;473;147;506;167;532;190;541;215;534;236;513;255;482;268;446;277;408;283;365;287;320;290;276;111;242;123;220;141;216;160;222;178;236;205;236;225;225;245;220;265;224;278;248;192;265;192;292;192;318;191;346;174;369;182;373;191;377;200;374;208;370;133;274;144;270;156;270;168;276;156;281;144;282;219;278;231;273;243;274;255;280;243;288;231;285;154;428;167;417;180;410;190;416;200;412;213;421;226;433;213;453;200;462;189;464;179;461;166;449;160;429;180;429;189;432;200;430;219;433;200;436;189;437;180;434
104;269;106;313;110;354;115;394;122;434;133;474;150;508;170;533;195;542;219;534;240;510;258;480;271;444;279;404;285;361;290;317;293;273;112;244;125;222;144;218;163;225;182;237;212;237;231;226;251;221;270;225;282;250;197;265;197;292;197;321;196;349;179;370;187;376;195;380;204;376;213;372;135;276;146;273;158;272;171;276;158;281;146;284;224;278;236;276;248;277;259;281;248;288;236;285;158;429;171;420;184;413;194;418;204;414;218;424;230;434;218;454;205;464;194;465;183;462;170;450;165;430;183;430;194;433;204;432;223;434;204;438;194;440;183;436
105;269;108;314;112;357;117;398;123;440;136;478;153;510;174;536;200;544;225;536;245;510;261;478;273;441;281;401;286;361;291;320;294;276;116;248;129;226;149;222;168;228;188;242;216;242;236;229;255;224;274;228;285;253;202;268;202;296;203;325;203;354;183;374;192;378;201;384;210;380;218;376;138;278;150;276;162;274;174;278;162;285;150;286;228;281;241;277;253;278;264;284;253;290;240;289;162;432;175;422;189;416;200;421;210;417;222;425;234;437;222;458;210;468;199;469;189;466;174;454;169;433;189;434;199;437;210;436;228;437;210;441;199;444;189;440
106;273;109;318;113;361;118;402;126;444;139;484;157;514;179;537;203;546;227;538;247;513;264;481;275;444;282;404;288;364;292;322;296;278;120;249;133;228;153;224;174;230;192;245;221;245;240;233;259;226;279;230;289;256;207;272;207;298;207;328;208;357;189;377;198;381;207;386;215;382;223;378;143;281;154;278;166;277;178;281;167;288;154;289;232;284;245;278;257;281;267;285;256;293;244;290;167;434;180;425;195;418;205;424;215;418;228;428;239;438;228;461;216;472;204;473;193;470;179;457;174;436;194;436;204;438;215;437;232;438;215;444;204;446;194;442
108;274;111;318;114;361;120;404;127;445;140;484;158;514;180;538;204;548;228;538;248;513;264;482;275;444;283;405;288;364;294;322;297;280;121;252;135;229;155;225;175;232;195;246;222;246;242;234;261;228;280;232;291;256;209;272;210;300;210;329;210;358;190;378;199;384;208;389;216;384;225;380;144;281;156;278;168;277;180;281;168;288;155;289;234;284;247;280;259;281;270;285;259;292;246;290;168;434;182;426;197;420;207;426;216;421;229;429;240;440;228;462;216;473;205;474;195;472;180;458;175;437;196;438;207;441;216;440;234;440;216;445;206;448;195;444
108;273;111;317;114;361;120;404;128;445;141;484;159;514;180;540;204;548;228;540;247;514;264;482;275;444;283;404;288;364;293;322;297;280;120;252;134;229;154;226;174;233;193;246;221;248;240;236;260;229;279;233;291;260;207;273;208;301;208;330;208;361;189;380;198;385;207;389;215;385;223;381;144;280;155;276;168;274;179;281;168;286;155;288;232;284;245;278;257;281;268;285;257;292;245;290;167;436;180;428;195;421;205;426;215;422;228;430;239;440;228;462;215;474;204;476;193;473;179;460;174;437;194;438;204;442;215;440;232;441;215;446;204;449;194;445
108;269;111;313;114;357;118;398;126;440;138;480;155;512;176;538;200;548;223;541;243;517;261;485;273;448;282;408;288;366;293;324;296;278;118;252;131;229;151;226;171;233;189;248;219;248;239;236;258;230;276;234;288;258;204;270;204;300;204;330;204;361;186;380;194;385;203;390;212;386;219;382;142;278;153;274;165;273;177;280;165;284;153;285;231;282;243;277;255;280;266;286;255;292;243;289;165;434;177;426;192;421;201;428;212;422;225;432;235;441;225;464;211;474;201;476;189;472;176;458;171;437;191;438;201;442;211;441;229;442;211;446;201;448;191;444
108;269;110;313;114;356;117;396;125;437;136;477;153;512;173;540;196;549;220;542;240;518;258;486;272;450;281;410;287;368;293;324;296;278;116;250;129;229;148;226;168;234;186;248;215;248;234;237;254;232;273;236;286;258;201;273;201;301;200;330;200;361;181;380;189;385;198;390;207;386;216;382;140;277;150;270;163;270;174;280;162;285;150;286;228;284;239;276;252;277;263;285;252;292;239;290;162;436;174;428;187;422;197;429;207;424;220;432;232;442;220;464;207;476;197;476;186;473;173;458;168;437;187;440;197;442;207;441;225;444;207;448;197;450;187;446
108;272;110;314;114;356;117;397;124;437;135;476;151;510;171;538;194;549;219;542;239;518;257;488;270;450;279;410;285;369;291;325;294;281;115;248;128;228;147;226;166;234;185;248;213;249;233;237;252;232;272;236;284;260;199;273;199;301;198;330;198;361;180;380;188;385;197;390;206;386;214;382;138;276;149;270;162;270;172;280;161;284;148;285;226;284;238;276;251;278;261;285;250;293;238;290;160;434;171;428;185;422;195;428;205;424;219;432;230;442;219;465;204;476;195;477;184;473;171;458;166;437;185;440;195;444;204;442;224;444;205;448;195;449;185;445
108;272;110;314;113;356;117;397;124;437;135;476;151;510;170;538;193;549;217;542;237;520;256;489;270;453;279;413;286;370;291;325;294;280;115;248;129;228;148;226;167;233;185;248;213;248;233;237;252;232;272;236;285;258;199;273;198;301;198;330;198;360;180;378;188;384;196;390;205;385;213;382;139;276;150;269;162;269;174;280;161;285;149;286;226;284;238;274;251;277;261;285;250;293;237;290;160;434;171;428;185;422;195;428;205;424;219;433;231;441;219;465;205;476;195;477;184;473;171;460;166;437;184;440;195;442;205;441;224;442;205;449;195;450;185;446
107;269;109;313;113;356;117;396;123;436;135;476;152;510;171;537;195;548;219;541;240;517;258;485;271;448;280;409;286;368;292;324;295;278;116;249;129;228;148;225;167;233;186;246;216;246;235;236;254;230;273;234;285;257;201;272;201;300;201;330;200;360;182;378;190;384;198;389;207;385;216;381;140;276;150;269;162;269;174;278;162;284;150;284;228;281;240;273;252;276;262;284;252;290;240;288;162;434;173;426;187;421;197;428;207;424;221;432;232;441;221;464;207;476;196;477;186;473;173;458;168;437;186;438;197;441;207;440;226;442;207;449;197;450;186;446
107;269;108;313;112;356;117;397;124;437;136;477;154;510;174;537;198;548;222;541;242;516;260;485;272;446;280;408;286;365;292;322;294;278;117;248;130;228;150;225;171;233;189;248;218;248;237;236;256;229;275;233;287;256;204;272;204;300;204;329;204;360;185;380;193;384;202;389;211;385;219;381;141;276;152;268;165;266;176;278;164;284;151;285;230;281;242;272;255;273;264;282;255;290;241;288;164;434;177;426;191;421;201;426;211;421;225;430;235;441;224;464;210;474;200;477;189;474;175;460;170;437;190;438;201;442;210;440;228;441;210;446;201;449;190;445
107;270;108;314;113;357;117;400;126;441;138;480;156;512;177;537;201;546;225;538;244;513;261;481;274;444;282;404;288;364;293;321;297;277;118;249;132;228;153;225;172;232;192;246;219;246;238;234;258;228;277;232;288;256;206;270;206;298;206;328;206;358;188;378;195;384;204;389;213;385;221;380;142;276;153;268;166;268;177;278;165;284;153;285;231;280;243;270;255;272;266;281;255;289;243;286;166;434;178;426;193;420;203;426;213;421;225;430;237;438;225;462;213;473;202;474;192;472;178;457;172;437;192;438;203;441;213;440;230;440;213;445;203;448;192;444
106;268;108;313;112;357;117;398;125;440;138;478;156;510;177;536;200;546;223;540;243;516;261;484;273;445;282;406;288;365;293;321;296;277;118;250;131;228;151;224;171;232;191;245;219;245;239;232;258;226;278;230;289;256;206;269;206;297;206;326;206;357;188;377;195;381;204;386;213;382;221;378;142;276;152;268;165;266;177;277;164;282;152;284;231;278;243;269;255;270;266;278;255;286;243;285;166;433;179;425;193;420;204;425;213;420;226;428;237;438;225;462;213;473;202;474;192;472;178;457;173;436;192;436;203;440;213;437;231;440;213;444;203;448;192;444
107;272;109;317;113;360;117;401;126;442;138;481;156;513;177;538;201;546;225;538;245;513;262;480;274;441;282;402;288;361;292;318;295;274;117;249;130;228;150;224;170;230;189;244;217;244;237;232;256;226;276;230;287;256;204;269;204;297;204;326;204;357;186;377;194;381;204;386;212;384;220;380;141;274;151;268;163;268;176;277;163;281;150;282;230;278;241;269;254;270;264;278;254;286;242;285;165;434;177;425;192;418;202;425;213;420;225;428;235;438;225;460;212;472;201;473;191;470;177;457;171;436;192;437;202;440;212;438;229;438;213;444;202;446;192;442
106;269;108;314;112;357;117;400;125;440;137;480;155;512;175;538;198;546;222;538;243;513;261;481;273;444;281;404;287;362;291;318;294;274;114;249;128;228;147;224;167;232;186;244;215;244;234;232;254;225;273;229;285;254;201;268;201;297;201;326;201;356;183;377;191;381;201;386;209;382;217;378;139;276;149;269;161;268;174;277;161;282;149;284;228;278;239;269;252;270;262;278;251;286;239;284;162;434;174;425;189;418;199;425;209;420;222;428;233;437;222;458;209;470;198;472;188;469;174;456;168;437;188;437;198;440;209;437;226;438;209;444;199;446;189;442
105;273;108;317;112;358;117;400;124;440;136;478;153;510;174;537;197;545;220;538;240;514;258;484;271;448;280;408;285;365;291;321;293;276;113;250;126;228;145;225;165;232;183;244;213;244;231;232;251;225;270;229;282;254;198;268;198;297;198;326;198;356;180;377;188;381;197;385;206;381;214;377;137;276;147;269;159;268;171;277;159;282;146;284;225;278;237;269;249;270;260;278;249;286;237;284;160;434;172;425;186;418;196;425;206;420;219;428;231;437;219;458;207;469;196;470;186;468;172;454;166;436;186;436;196;440;206;437;225;437;207;442;196;445;186;441
105;273;108;316;112;357;117;398;124;438;136;477;153;510;172;537;195;545;219;537;240;514;258;482;271;446;279;406;285;364;290;320;292;274;112;250;125;229;144;225;162;232;181;244;210;244;229;232;249;225;269;229;281;253;196;269;196;297;196;326;196;356;178;377;186;381;195;386;204;382;213;378;137;278;147;273;159;272;170;280;159;284;147;285;223;280;234;273;246;274;257;280;246;286;234;285;159;434;171;426;184;420;195;425;204;421;218;429;230;437;218;458;205;468;195;470;183;466;171;454;165;436;183;437;194;440;204;438;223;438;204;444;195;445;184;441
105;272;108;316;111;357;117;398;124;438;136;477;153;510;172;537;196;546;219;538;240;514;258;482;270;445;279;405;285;362;290;317;292;272;113;252;125;229;144;225;163;232;182;245;210;244;230;230;249;224;269;228;282;252;196;272;197;300;197;328;196;357;179;378;187;382;196;386;205;382;213;380;137;282;147;280;159;278;171;282;159;289;147;290;223;282;235;280;247;281;258;284;247;292;234;290;160;434;172;426;186;421;195;426;205;422;218;429;231;437;219;457;205;468;195;469;185;466;172;454;166;436;185;438;195;441;205;440;225;438;205;442;195;445;186;441
105;274;107;318;111;361;117;402;124;442;137;481;154;513;174;537;199;546;222;538;243;514;260;482;272;445;280;405;285;361;289;317;291;272;112;254;124;230;144;226;164;232;183;245;212;244;231;230;251;224;270;226;282;252;198;270;198;298;198;328;198;357;180;378;189;382;198;386;207;382;215;378;137;284;147;281;159;280;171;284;159;290;147;292;224;282;236;278;249;280;259;284;249;292;236;290;162;434;174;428;187;422;198;428;207;422;220;430;233;437;220;456;207;464;197;465;186;464;174;453;168;436;187;440;197;442;207;440;227;437;207;440;197;442;187;440
104;274;107;318;111;360;117;401;125;441;137;480;155;512;175;537;199;546;222;538;243;513;261;481;273;442;281;402;286;360;291;317;292;272;114;256;126;233;145;226;165;233;185;245;213;244;232;230;252;224;273;228;285;252;200;270;201;298;201;328;201;357;183;378;192;382;201;386;210;382;219;378;137;282;148;280;160;278;173;281;160;288;148;290;225;281;238;277;251;278;262;281;251;289;238;288;164;434;176;428;190;422;200;428;210;422;223;429;236;437;223;454;210;464;200;465;189;462;176;452;169;436;189;438;200;442;210;440;230;437;210;440;200;442;190;440
103;274;107;320;111;364;117;406;126;448;139;485;159;514;180;537;203;545;225;536;245;510;262;478;273;441;281;401;285;358;289;317;291;272;114;256;126;233;147;226;167;232;187;245;215;244;234;230;254;224;273;226;285;252;202;269;203;298;203;326;204;357;186;380;195;382;204;386;213;382;220;378;138;281;150;277;162;276;174;280;162;286;150;288;228;280;240;274;252;276;263;278;252;286;240;285;165;434;178;428;193;422;204;429;213;422;226;429;238;436;226;452;213;461;203;464;192;461;178;452;171;436;192;440;203;442;213;440;233;436;213;438;203;442;193;438
103;276;106;321;111;365;117;408;126;448;140;484;159;514;180;537;203;545;225;536;245;510;261;478;273;441;281;401;285;358;289;317;291;272;114;256;126;232;147;226;168;232;187;245;214;244;234;230;253;224;273;226;285;250;202;269;203;297;204;326;204;356;186;378;195;381;204;386;213;381;221;377;140;280;150;274;162;273;174;280;162;286;150;288;228;278;240;272;252;272;263;277;252;284;240;284;165;434;179;428;194;422;204;428;213;422;226;428;238;434;226;452;213;461;204;464;193;462;179;452;171;436;193;440;204;442;213;440;232;436;213;438;204;441;194;438
103;276;106;321;111;365;117;408;126;449;139;486;158;516;179;538;203;545;225;536;245;509;261;477;273;438;281;400;285;358;289;316;291;270;114;256;126;232;147;226;167;233;186;245;213;244;233;230;252;222;273;225;285;250;201;270;202;298;203;326;204;356;185;378;194;382;204;386;212;382;220;378;139;280;150;273;162;272;174;281;162;286;150;288;228;280;239;270;252;270;261;276;252;284;240;284;164;434;178;428;192;422;203;428;213;422;226;428;239;434;226;450;213;460;203;462;192;461;178;450;170;434;192;438;203;441;213;438;233;434;213;438;203;441;192;438
102;276;105;321;110;365;116;408;125;448;138;484;156;514;177;538;199;548;222;538;241;513;258;481;271;445;279;404;284;361;288;316;289;270;111;254;124;232;144;226;164;232;183;244;211;244;231;230;250;222;270;225;282;250;198;269;199;297;199;326;200;356;182;378;191;382;200;386;209;381;217;377;136;278;147;272;159;270;171;278;159;284;147;286;225;277;237;270;249;270;260;276;249;284;237;282;162;433;175;428;189;422;200;428;209;422;222;429;236;434;223;452;210;461;200;464;189;462;175;450;168;434;189;438;200;441;210;440;230;434;210;438;200;442;189;438
102;280;105;324;110;366;116;408;124;448;136;484;154;514;174;538;198;548;220;538;240;513;258;482;270;445;279;405;283;362;287;317;288;272;109;256;121;232;141;228;160;233;180;245;209;242;228;230;247;222;267;226;279;250;195;269;195;297;196;328;196;357;179;378;187;382;197;386;205;382;214;378;135;280;145;273;158;272;169;280;157;285;145;286;222;278;234;270;246;272;257;277;246;285;234;284;159;433;172;428;186;424;197;428;207;424;220;429;234;434;220;450;207;461;197;464;186;461;172;449;165;434;186;440;197;442;207;440;228;434;207;438;197;442;186;438
101;280;104;324;109;366;115;406;123;446;135;482;153;513;171;538;195;548;218;538;237;516;255;485;268;448;277;408;282;364;287;320;288;274;108;256;120;233;139;229;158;234;176;245;205;244;225;230;245;224;264;228;279;249;192;270;193;298;193;328;194;358;176;378;185;384;194;388;203;382;211;380;132;280;143;272;156;270;167;280;156;285;144;286;220;278;233;270;245;272;255;278;245;285;233;285;158;433;171;428;184;424;194;428;204;424;218;429;231;434;218;452;204;462;194;465;184;462;171;452;163;436;184;440;193;442;204;440;225;436;204;438;193;442;184;440
102;284;105;326;110;368;115;410;123;450;135;485;153;516;171;541;194;549;217;541;237;517;255;486;269;449;277;408;282;364;286;320;287;274;107;258;118;233;138;229;156;236;175;248;203;245;222;232;242;224;262;228;276;249;189;270;190;298;190;328;190;358;174;381;183;385;192;389;200;384;209;381;130;281;141;273;153;272;165;281;153;286;141;289;218;280;231;270;243;272;253;278;243;286;231;285;156;434;168;429;182;424;192;429;202;424;216;429;231;434;216;453;202;465;192;468;182;465;168;453;162;436;182;441;192;444;202;441;225;436;201;440;192;444;182;441
101;284;104;326;109;366;115;408;123;448;135;484;152;516;171;541;193;550;216;541;236;518;255;486;268;449;277;409;282;365;287;320;288;273;105;257;118;234;137;230;156;236;175;248;203;245;222;232;242;225;261;228;276;248;189;270;190;298;190;329;191;360;174;381;183;385;192;389;201;384;209;380;129;281;140;274;153;272;165;281;153;286;141;289;218;278;231;270;243;270;253;277;243;285;231;285;155;434;168;429;182;425;192;429;202;424;216;429;230;434;216;452;202;464;192;466;181;465;168;453;161;437;182;441;192;444;202;441;224;436;202;440;192;444;182;441
101;285;105;329;110;370;116;412;124;452;137;486;153;517;173;542;197;550;219;541;238;516;256;485;270;448;279;408;283;364;287;318;288;272;106;258;119;234;138;232;157;237;175;249;204;246;223;232;243;224;263;226;276;249;191;272;191;300;192;330;192;360;175;381;184;385;192;389;201;384;210;380;130;281;141;273;154;272;165;282;154;288;141;289;219;280;231;270;243;270;254;277;244;285;232;284;157;434;170;429;184;425;193;429;204;424;218;429;232;433;219;452;204;464;194;466;184;465;171;453;162;436;183;441;193;444;204;441;225;434;204;440;194;444;184;441
102;282;105;326;110;369;117;412;125;450;139;486;156;516;175;541;198;548;220;540;239;513;257;481;270;445;279;405;284;360;287;316;288;269;108;260;120;236;139;230;159;237;178;248;205;245;225;232;244;224;264;226;278;249;193;272;193;301;194;329;195;360;177;381;186;385;195;389;204;384;213;380;132;281;144;272;156;270;168;281;156;286;144;289;220;278;232;268;245;268;255;276;246;284;233;284;158;434;171;429;186;424;195;429;205;424;220;428;234;432;220;452;207;464;196;466;186;465;171;453;164;436;185;441;195;444;206;440;228;433;206;440;195;444;186;441
102;286;105;330;111;373;117;414;126;453;139;489;157;518;177;541;199;548;221;538;241;513;258;482;270;445;279;405;283;361;287;316;288;270;108;258;121;236;141;230;160;234;180;246;207;244;227;230;246;222;266;224;279;248;195;270;195;300;196;329;197;360;180;381;189;384;198;388;207;382;215;378;133;282;144;273;156;272;169;282;156;289;144;290;222;280;234;269;246;268;257;274;247;284;234;284;160;433;174;428;187;422;198;428;207;421;222;426;235;430;222;450;209;461;198;464;188;462;174;452;166;434;187;440;198;442;208;438;229;432;208;437;198;441;188;438
102;285;105;329;111;370;117;412;126;450;139;486;156;516;177;540;201;548;223;537;243;512;260;480;271;442;279;404;283;361;287;316;288;272;110;258;122;234;141;229;161;234;180;245;208;244;228;229;247;222;267;224;280;249;195;268;196;297;197;328;198;357;180;380;189;382;198;386;207;381;215;377;133;280;144;272;156;270;169;280;156;286;144;288;223;277;235;266;248;266;258;274;248;282;235;282;161;433;174;428;187;422;198;426;208;420;222;425;236;429;222;448;210;460;199;464;188;462;174;450;166;434;187;438;198;441;209;437;230;430;209;436;199;441;188;438
101;284;105;326;110;369;117;410;125;449;138;486;156;516;176;540;200;546;222;536;242;510;259;478;271;441;279;401;284;358;288;314;288;269;109;257;122;233;141;229;161;234;180;246;208;244;227;229;246;221;267;224;279;248;195;269;196;298;197;328;198;358;180;378;188;382;198;388;207;382;215;377;133;280;144;270;157;269;169;280;157;285;144;288;222;278;234;266;247;265;258;273;248;282;235;282;160;430;173;426;187;421;198;426;207;421;221;425;234;428;222;449;209;460;198;464;187;461;174;450;165;433;187;438;198;441;208;437;228;430;208;436;198;440;187;437
102;282;105;326;111;368;116;409;124;449;137;485;155;516;175;538;198;546;222;537;242;510;259;478;271;441;279;402;284;360;287;316;288;270;109;256;121;233;140;228;159;233;178;245;208;242;227;229;246;221;266;225;279;249;195;268;195;297;195;326;196;357;179;378;187;382;196;386;205;382;213;378;132;278;143;270;156;268;168;278;156;285;143;286;222;277;234;266;246;265;257;274;246;282;234;282;159;432;171;425;185;421;196;425;206;420;220;425;234;429;221;448;207;460;197;462;186;460;172;449;165;433;185;437;196;440;207;437;228;430;207;436;196;440;186;437
102;284;105;328;110;370;116;412;124;450;137;485;153;516;173;540;196;546;219;538;239;514;257;484;270;446;278;408;282;364;286;320;288;274;109;254;121;230;140;228;159;233;177;244;207;242;227;229;246;222;266;225;279;249;194;269;194;298;195;328;195;357;177;378;186;382;195;386;204;382;212;378;133;278;144;269;156;268;168;280;156;284;144;286;221;278;234;268;246;268;256;276;246;284;234;282;158;430;171;425;184;421;195;425;204;420;219;425;232;429;219;449;206;461;195;464;184;461;171;450;163;433;184;438;195;440;205;437;227;430;205;436;195;440;185;437
102;282;104;326;109;368;115;408;123;448;135;482;153;513;171;538;195;546;219;537;239;513;257;481;270;446;278;408;282;364;286;320;288;276;108;254;120;232;140;226;159;233;178;245;207;242;226;229;246;222;265;226;278;250;193;269;194;297;194;326;194;357;177;378;185;382;195;386;204;382;212;378;132;277;143;269;156;268;168;278;156;284;143;285;221;278;234;268;246;268;256;276;246;284;234;284;157;430;170;425;184;421;194;425;204;420;219;425;232;429;219;449;206;461;195;464;184;462;170;450;163;433;184;438;194;441;205;437;226;430;205;437;195;440;184;437
102;281;105;324;109;365;114;405;122;444;134;481;152;512;171;537;196;545;219;537;240;512;258;481;270;445;277;406;282;364;286;320;288;276;108;254;120;230;140;226;159;233;179;245;207;244;226;230;246;222;265;226;278;250;193;268;194;297;195;328;195;357;177;377;186;382;195;386;204;381;213;377;132;278;143;270;156;269;168;278;155;284;143;285;222;278;234;269;246;269;257;276;246;284;234;282;158;430;169;425;183;421;195;426;204;420;219;425;232;429;219;449;206;460;195;464;183;461;170;448;163;432;183;438;195;441;205;438;226;430;205;437;195;440;183;437
101;281;104;324;109;366;114;408;123;448;135;484;153;514;173;538;197;548;220;538;240;513;258;482;270;445;278;406;282;364;287;320;288;274;109;253;122;232;141;228;160;233;179;245;209;242;228;230;247;224;267;226;279;249;195;269;195;297;195;328;196;358;179;378;187;382;196;386;204;382;213;378;133;278;144;272;156;269;168;280;156;285;144;286;222;278;234;269;247;269;258;276;247;284;234;282;158;430;171;425;185;421;195;426;205;421;219;425;233;430;219;449;206;461;196;464;185;461;171;449;164;433;185;438;195;441;206;438;227;432;206;437;196;441;186;437
101;280;105;322;110;365;115;406;123;445;136;482;154;513;174;538;198;546;222;537;242;510;260;478;271;441;279;402;283;360;287;316;289;272;110;256;123;233;142;228;162;233;180;246;210;244;229;230;248;224;267;226;280;250;196;268;197;297;198;328;198;358;180;378;189;382;198;388;207;382;215;377;134;278;145;270;158;269;170;280;157;284;144;286;224;277;236;268;249;268;259;274;249;284;237;282;160;430;173;426;187;421;198;426;207;421;222;425;234;429;222;449;209;461;198;464;187;461;174;450;166;433;187;438;198;441;208;438;228;432;208;437;198;441;187;437
102;278;105;322;110;365;115;405;123;446;136;484;155;514;175;538;200;546;223;537;243;510;260;478;271;441;279;402;284;361;288;317;289;273;111;257;123;233;143;228;163;233;183;246;211;244;230;230;249;222;269;226;281;250;198;268;198;297;199;328;199;358;181;378;190;382;200;386;208;382;216;378;136;278;147;270;159;269;171;278;159;284;147;286;225;277;237;269;249;268;260;276;249;282;237;281;161;430;174;425;188;420;199;425;210;420;222;425;235;429;223;448;210;460;199;462;188;461;174;449;167;432;188;437;199;440;210;437;229;430;210;437;199;440;189;437
102;280;105;324;110;368;116;409;125;449;138;486;156;516;177;538;202;546;225;537;243;510;260;478;272;440;279;401;283;358;287;316;288;272;111;254;124;232;144;228;164;233;183;245;212;244;231;230;250;222;270;226;282;249;198;268;200;297;201;328;201;358;183;377;192;381;201;386;210;381;217;377;135;278;147;270;159;269;171;278;159;285;146;286;225;277;237;268;250;268;261;274;251;282;238;282;162;429;174;425;189;420;200;425;210;420;223;424;236;428;224;448;211;460;201;464;189;461;175;449;167;432;189;437;200;440;210;437;231;429;210;436;201;440;189;437
101;278;105;322;110;365;116;406;125;446;138;484;156;514;177;538;201;545;224;536;243;509;261;477;271;440;279;402;284;360;288;317;289;273;111;256;124;232;144;226;165;233;184;245;213;244;231;230;250;222;270;226;282;250;199;268;200;296;201;326;201;357;183;377;192;381;201;386;210;381;218;377;136;278;147;269;160;268;172;278;159;284;147;285;225;277;238;266;251;266;261;273;251;281;238;281;162;429;175;425;190;420;201;425;210;420;224;424;237;428;225;446;211;458;201;462;189;460;175;449;168;432;189;437;201;440;211;436;231;429;211;436;201;440;190;437
102;280;106;324;111;366;117;409;125;449;138;485;156;516;177;538;201;546;223;537;243;510;261;477;272;440;279;401;284;360;288;317;289;272;111;254;124;230;144;225;164;232;183;244;212;242;231;229;250;221;270;225;282;250;199;266;200;296;201;326;201;357;182;377;191;381;201;385;209;381;217;377;136;278;147;269;159;268;172;278;159;284;147;285;225;277;237;268;250;266;261;274;251;282;238;281;161;430;174;425;189;420;199;425;210;420;223;424;236;428;223;446;210;458;200;462;189;460;175;449;167;432;189;437;199;440;210;436;230;429;210;436;200;438;189;436
102;276;105;320;110;364;116;405;124;445;137;482;156;514;176;538;200;546;223;537;243;509;260;477;272;441;280;402;285;360;289;317;291;272;112;254;125;230;144;225;165;232;183;245;213;242;232;229;251;222;270;226;282;250;199;266;200;296;200;325;201;356;182;377;191;381;200;385;209;381;217;377;136;277;147;268;160;266;172;277;159;282;147;285;225;277;238;266;251;266;261;274;251;282;238;281;161;429;174;424;189;420;199;425;209;418;223;424;236;429;223;448;210;460;200;462;189;461;174;448;167;432;189;437;199;440;210;437;230;430;210;436;200;440;189;436
102;276;105;320;110;362;116;405;124;445;137;482;156;513;175;536;199;545;222;536;242;510;259;478;271;442;279;404;284;361;288;318;290;273;111;250;125;228;144;224;165;229;183;242;213;240;231;228;251;221;270;224;282;248;199;265;200;294;200;324;201;354;183;376;191;378;200;384;209;380;217;376;136;276;147;268;159;266;172;277;159;282;147;284;225;276;238;266;250;266;261;273;250;281;238;280;161;428;174;424;189;418;200;424;210;418;222;424;235;429;223;448;210;458;200;461;189;460;174;448;166;430;189;436;200;438;210;436;230;430;210;434;200;438;189;436
102;278;105;322;110;365;116;406;124;446;138;484;156;513;177;537;201;544;225;534;244;509;261;477;273;440;279;401;285;360;288;317;290;273;113;250;126;228;147;222;167;229;186;242;213;240;233;226;252;218;271;222;283;248;201;265;201;293;202;322;202;353;184;374;192;378;202;382;210;378;219;374;138;276;148;266;162;265;173;277;161;284;148;285;227;276;239;265;252;264;261;272;252;281;240;281;162;429;176;422;190;417;201;422;211;417;224;422;237;428;224;448;211;458;201;461;190;458;176;448;168;430;190;434;201;437;211;434;231;429;211;433;201;437;191;434
